Workbook

Sheet data
A1: author | B1: pub_year | C1: idstudy | D1: dep_var | E1: exp_var | F1: tuition | G1: tuition_se | H1: no_exp_var | I1: no_obs | J1: no_df | K1: est_per_study | L1: startyear | M1: endyear | N1: midyear | O1: timespan | P1: ln_timespan | Q1: cit_google | R1: cit_repec | S1: model | T1: endogeneity | U1: unemployment | V1: income | W1: shortrun | X1: linear | Y1: doublelog | Z1: semilog | AA1: boxcox | AB1: country | AC1: idcountry | AD1: usa | AE1: published | AF1: ln_pub_year | AG1: ln_google | AH1: tstat | AI1: pcc | AJ1: pcc_se | AK1: pcc_precsq | AL1: pcc_prec | AM1: tseries | AN1: panel | AO1: cross | AP1: instrument | AQ1: ols | AR1: fe | AS1: male | AT1: female | AU1: private | AV1: public | AW1: invperst | AX1: invperstsq
A2: Agarwal & Winkler (1985) | B2: 1985 | C2: 1 | D2: enrollment | E2: tuition | F2: 0.123 | G2: 0.352 | H2: 3 | I2: 17 | J2: =+I2-H2 -> 14 | K2: 30 | L2: 1954 | M2: 1973 | N2: =+L2+(M2-L2)/2 -> 1963.5 | O2: =+M2-L2+1 -> 20 | P2: =+LN(O1:O2) -> 2.9957323 | Q2: 105 | R2: 0 | S2: OLS | T2: =IF(S2="OLS",0,IF(S2="FE",0,IF(S2="Probit model",0,IF(S2="3SLS",1,IF(S2="Logit",0,IF(S2="2SLS",1,IF(S2="SUR method",1,IF(S2="Modified LS",0,IF(S2="Zenner estimates",1,IF(S2="MLE",0,IF(S2="GLS",0,0))))))))))) -> 0 | U2: 0 | V2: 0 | W2: 0 | X2: 0 | Y2: 1 | Z2: 0 | AA2: 0 | AB2: USA | AC2: =IF(AB2="USA",1,IF(AB2="UK",2,IF(AB2="Canada",3,IF(AB2="Germany",4,IF(AB2="Netherlands",5,IF(AB2="India",20,IF(AB2="Indonesia",7,IF(AB2="Korea",8,IF(AB2="Philippines",9,IF(AB2="Taiwan",10,IF(AB2="Greece",11,IF(AB2="Iran",12,IF(AB2="Israel",13,IF(AB2="Kuwait",14,IF(AB2="Lebanon",15,IF(AB2="Saudi Arabia",16,IF(AB2="Turkey",17,IF(AB2="Ethiopia",18,IF(AB2="Kenya",19,IF(AB2="Nigeria",20,IF(AB2="Multinational",6,""))))))))))))))))))))) -> 1 | AD2: =IF(AB2="USA",1,0) -> 1 | AE2: 1 | AF2: 7.593374 | AG2: 4.663439 | AH2: =+F2/G2 -> 0.34943182 | AI2: =AH2/SQRT(AH2^2+J2) -> 0.092984972 | AJ2: =+AI2/AH2 -> 0.26610334 | AK2: =1/AJ2^2 -> 14.122103 | AL2: =1/AJ2 -> 3.7579386 | AM2: 1 | AN2: 0 | AO2: 0 | AP2: =1/SQRT(J2) -> 0.26726124 | AQ2: 1 | AR2: 0 | AS2: 0 | AT2: 0 | AU2: 0 | AV2: 0 | AW2: =1/K2 -> 0.033333333 | AX2: =1/(K2*K2) -> 0.0011111111
A3: Agarwal & Winkler (1985) | B3: 1985 | C3: =+IF(A3=A2,C2,C2+1) -> 1 | D3: enrollment | E3: tuition | F3: -0.895 | G3: 0.974 | H3: 3 | I3: 17 | J3: =+I3-H3 -> 14 | K3: 30 | L3: 1954 | M3: 1973 | N3: =+L3+(M3-L3)/2 -> 1963.5 | O3: =+M3-L3+1 -> 20 | P3: =+LN(O2:O3) -> 2.9957323 | Q3: 105 | R3: 0 | S3: OLS | T3: =IF(S3="OLS",0,IF(S3="FE",0,IF(S3="Probit model",0,IF(S3="3SLS",1,IF(S3="Logit",0,IF(S3="2SLS",1,IF(S3="SUR method",1,IF(S3="Modified LS",0,IF(S3="Zenner estimates",1,IF(S3="MLE",0,IF(S3="GLS",0,0))))))))))) -> 0 | U3: 0 | V3: 0 | W3: 0 | X3: 0 | Y3: 1 | Z3: 0 | AA3: 0 | AB3: USA | AC3: =IF(AB3="USA",1,IF(AB3="UK",2,IF(AB3="Canada",3,IF(AB3="Germany",4,IF(AB3="Netherlands",5,IF(AB3="India",20,IF(AB3="Indonesia",7,IF(AB3="Korea",8,IF(AB3="Philippines",9,IF(AB3="Taiwan",10,IF(AB3="Greece",11,IF(AB3="Iran",12,IF(AB3="Israel",13,IF(AB3="Kuwait",14,IF(AB3="Lebanon",15,IF(AB3="Saudi Arabia",16,IF(AB3="Turkey",17,IF(AB3="Ethiopia",18,IF(AB3="Kenya",19,IF(AB3="Nigeria",20,IF(AB3="Multinational",6,""))))))))))))))))))))) -> 1 | AD3: =IF(AB3="USA",1,0) -> 1 | AE3: 1 | AF3: 7.593374 | AG3: 4.663439 | AH3: =+F3/G3 -> -0.91889117 | AI3: =AH3/SQRT(AH3^2+J3) -> -0.23849722 | AJ3: =+AI3/AH3 -> 0.25954893 | AK3: =1/AJ3^2 -> 14.844361 | AL3: =1/AJ3 -> 3.852838 | AM3: 1 | AN3: 0 | AO3: 0 | AP3: =1/SQRT(J3) -> 0.26726124 | AQ3: 1 | AR3: 0 | AS3: 0 | AT3: 0 | AU3: 0 | AV3: 0 | AW3: =1/K3 -> 0.033333333 | AX3: =1/(K3*K3) -> 0.0011111111
A4: Agarwal & Winkler (1985) | B4: 1985 | C4: =+IF(A4=A3,C3,C3+1) -> 1 | D4: enrollment | E4: tuition | F4: -1.21 | G4: 0.298 | H4: 3 | I4: 17 | J4: =+I4-H4 -> 14 | K4: 30 | L4: 1954 | M4: 1973 | N4: =+L4+(M4-L4)/2 -> 1963.5 | O4: =+M4-L4+1 -> 20 | P4: =+LN(O3:O4) -> 2.9957323 | Q4: 105 | R4: 0 | S4: OLS | T4: =IF(S4="OLS",0,IF(S4="FE",0,IF(S4="Probit model",0,IF(S4="3SLS",1,IF(S4="Logit",0,IF(S4="2SLS",1,IF(S4="SUR method",1,IF(S4="Modified LS",0,IF(S4="Zenner estimates",1,IF(S4="MLE",0,IF(S4="GLS",0,0))))))))))) -> 0 | U4: 0 | V4: 0 | W4: 0 | X4: 0 | Y4: 1 | Z4: 0 | AA4: 0 | AB4: USA | AC4: =IF(AB4="USA",1,IF(AB4="UK",2,IF(AB4="Canada",3,IF(AB4="Germany",4,IF(AB4="Netherlands",5,IF(AB4="India",20,IF(AB4="Indonesia",7,IF(AB4="Korea",8,IF(AB4="Philippines",9,IF(AB4="Taiwan",10,IF(AB4="Greece",11,IF(AB4="Iran",12,IF(AB4="Israel",13,IF(AB4="Kuwait",14,IF(AB4="Lebanon",15,IF(AB4="Saudi Arabia",16,IF(AB4="Turkey",17,IF(AB4="Ethiopia",18,IF(AB4="Kenya",19,IF(AB4="Nigeria",20,IF(AB4="Multinational",6,""))))))))))))))))))))) -> 1 | AD4: =IF(AB4="USA",1,0) -> 1 | AE4: 1 | AF4: 7.593374 | AG4: 4.663439 | AH4: =+F4/G4 -> -4.0604027 | AI4: =AH4/SQRT(AH4^2+J4) -> -0.73538148 | AJ4: =+AI4/AH4 -> 0.18111048 | AK4: =1/AJ4^2 -> 30.48687 | AL4: =1/AJ4 -> 5.5214916 | AM4: 1 | AN4: 0 | AO4: 0 | AP4: =1/SQRT(J4) -> 0.26726124 | AQ4: 1 | AR4: 0 | AS4: 0 | AT4: 0 | AU4: 0 | AV4: 0 | AW4: =1/K4 -> 0.033333333 | AX4: =1/(K4*K4) -> 0.0011111111
A5: Agarwal & Winkler (1985) | B5: 1985 | C5: =+IF(A5=A4,C4,C4+1) -> 1 | D5: enrollment | E5: tuition | F5: -0.468 | G5: 0.222 | H5: 3 | I5: 17 | J5: =+I5-H5 -> 14 | K5: 30 | L5: 1954 | M5: 1973 | N5: =+L5+(M5-L5)/2 -> 1963.5 | O5: =+M5-L5+1 -> 20 | P5: =+LN(O4:O5) -> 2.9957323 | Q5: 105 | R5: 0 | S5: OLS | T5: =IF(S5="OLS",0,IF(S5="FE",0,IF(S5="Probit model",0,IF(S5="3SLS",1,IF(S5="Logit",0,IF(S5="2SLS",1,IF(S5="SUR method",1,IF(S5="Modified LS",0,IF(S5="Zenner estimates",1,IF(S5="MLE",0,IF(S5="GLS",0,0))))))))))) -> 0 | U5: 0 | V5: 0 | W5: 0 | X5: 0 | Y5: 1 | Z5: 0 | AA5: 0 | AB5: USA | AC5: =IF(AB5="USA",1,IF(AB5="UK",2,IF(AB5="Canada",3,IF(AB5="Germany",4,IF(AB5="Netherlands",5,IF(AB5="India",20,IF(AB5="Indonesia",7,IF(AB5="Korea",8,IF(AB5="Philippines",9,IF(AB5="Taiwan",10,IF(AB5="Greece",11,IF(AB5="Iran",12,IF(AB5="Israel",13,IF(AB5="Kuwait",14,IF(AB5="Lebanon",15,IF(AB5="Saudi Arabia",16,IF(AB5="Turkey",17,IF(AB5="Ethiopia",18,IF(AB5="Kenya",19,IF(AB5="Nigeria",20,IF(AB5="Multinational",6,""))))))))))))))))))))) -> 1 | AD5: =IF(AB5="USA",1,0) -> 1 | AE5: 1 | AF5: 7.593374 | AG5: 4.663439 | AH5: =+F5/G5 -> -2.1081081 | AI5: =AH5/SQRT(AH5^2+J5) -> -0.49086708 | AJ5: =+AI5/AH5 -> 0.23284721 | AK5: =1/AJ5^2 -> 18.44412 | AL5: =1/AJ5 -> 4.2946618 | AM5: 1 | AN5: 0 | AO5: 0 | AP5: =1/SQRT(J5) -> 0.26726124 | AQ5: 1 | AR5: 0 | AS5: 0 | AT5: 0 | AU5: 0 | AV5: 0 | AW5: =1/K5 -> 0.033333333 | AX5: =1/(K5*K5) -> 0.0011111111
A6: Agarwal & Winkler (1985) | B6: 1985 | C6: =+IF(A6=A5,C5,C5+1) -> 1 | D6: enrollment | E6: tuition | F6: -1.523 | G6: 1.304 | H6: 3 | I6: 17 | J6: =+I6-H6 -> 14 | K6: 30 | L6: 1954 | M6: 1973 | N6: =+L6+(M6-L6)/2 -> 1963.5 | O6: =+M6-L6+1 -> 20 | P6: =+LN(O5:O6) -> 2.9957323 | Q6: 105 | R6: 0 | S6: OLS | T6: =IF(S6="OLS",0,IF(S6="FE",0,IF(S6="Probit model",0,IF(S6="3SLS",1,IF(S6="Logit",0,IF(S6="2SLS",1,IF(S6="SUR method",1,IF(S6="Modified LS",0,IF(S6="Zenner estimates",1,IF(S6="MLE",0,IF(S6="GLS",0,0))))))))))) -> 0 | U6: 0 | V6: 0 | W6: 0 | X6: 0 | Y6: 1 | Z6: 0 | AA6: 0 | AB6: USA | AC6: =IF(AB6="USA",1,IF(AB6="UK",2,IF(AB6="Canada",3,IF(AB6="Germany",4,IF(AB6="Netherlands",5,IF(AB6="India",20,IF(AB6="Indonesia",7,IF(AB6="Korea",8,IF(AB6="Philippines",9,IF(AB6="Taiwan",10,IF(AB6="Greece",11,IF(AB6="Iran",12,IF(AB6="Israel",13,IF(AB6="Kuwait",14,IF(AB6="Lebanon",15,IF(AB6="Saudi Arabia",16,IF(AB6="Turkey",17,IF(AB6="Ethiopia",18,IF(AB6="Kenya",19,IF(AB6="Nigeria",20,IF(AB6="Multinational",6,""))))))))))))))))))))) -> 1 | AD6: =IF(AB6="USA",1,0) -> 1 | AE6: 1 | AF6: 7.593374 | AG6: 4.663439 | AH6: =+F6/G6 -> -1.1679448 | AI6: =AH6/SQRT(AH6^2+J6) -> -0.29796745 | AJ6: =+AI6/AH6 -> 0.25512118 | AK6: =1/AJ6^2 -> 15.364095 | AL6: =1/AJ6 -> 3.919706 | AM6: 1 | AN6: 0 | AO6: 0 | AP6: =1/SQRT(J6) -> 0.26726124 | AQ6: 1 | AR6: 0 | AS6: 0 | AT6: 0 | AU6: 0 | AV6: 0 | AW6: =1/K6 -> 0.033333333 | AX6: =1/(K6*K6) -> 0.0011111111
A7: Agarwal & Winkler (1985) | B7: 1985 | C7: =+IF(A7=A6,C6,C6+1) -> 1 | D7: enrollment | E7: tuition | F7: -0.87 | G7: 0.204 | H7: 3 | I7: 17 | J7: =+I7-H7 -> 14 | K7: 30 | L7: 1954 | M7: 1973 | N7: =+L7+(M7-L7)/2 -> 1963.5 | O7: =+M7-L7+1 -> 20 | P7: =+LN(O6:O7) -> 2.9957323 | Q7: 105 | R7: 0 | S7: OLS | T7: =IF(S7="OLS",0,IF(S7="FE",0,IF(S7="Probit model",0,IF(S7="3SLS",1,IF(S7="Logit",0,IF(S7="2SLS",1,IF(S7="SUR method",1,IF(S7="Modified LS",0,IF(S7="Zenner estimates",1,IF(S7="MLE",0,IF(S7="GLS",0,0))))))))))) -> 0 | U7: 0 | V7: 0 | W7: 0 | X7: 0 | Y7: 1 | Z7: 0 | AA7: 0 | AB7: USA | AC7: =IF(AB7="USA",1,IF(AB7="UK",2,IF(AB7="Canada",3,IF(AB7="Germany",4,IF(AB7="Netherlands",5,IF(AB7="India",20,IF(AB7="Indonesia",7,IF(AB7="Korea",8,IF(AB7="Philippines",9,IF(AB7="Taiwan",10,IF(AB7="Greece",11,IF(AB7="Iran",12,IF(AB7="Israel",13,IF(AB7="Kuwait",14,IF(AB7="Lebanon",15,IF(AB7="Saudi Arabia",16,IF(AB7="Turkey",17,IF(AB7="Ethiopia",18,IF(AB7="Kenya",19,IF(AB7="Nigeria",20,IF(AB7="Multinational",6,""))))))))))))))))))))) -> 1 | AD7: =IF(AB7="USA",1,0) -> 1 | AE7: 1 | AF7: 7.593374 | AG7: 4.663439 | AH7: =+F7/G7 -> -4.2647059 | AI7: =AH7/SQRT(AH7^2+J7) -> -0.75169905 | AJ7: =+AI7/AH7 -> 0.17626047 | AK7: =1/AJ7^2 -> 32.187716 | AL7: =1/AJ7 -> 5.6734219 | AM7: 1 | AN7: 0 | AO7: 0 | AP7: =1/SQRT(J7) -> 0.26726124 | AQ7: 1 | AR7: 0 | AS7: 0 | AT7: 0 | AU7: 0 | AV7: 0 | AW7: =1/K7 -> 0.033333333 | AX7: =1/(K7*K7) -> 0.0011111111
A8: Agarwal & Winkler (1985) | B8: 1985 | C8: =+IF(A8=A7,C7,C7+1) -> 1 | D8: enrollment | E8: tuition | F8: -1.197 | G8: 0.256 | H8: 3 | I8: 17 | J8: =+I8-H8 -> 14 | K8: 30 | L8: 1954 | M8: 1973 | N8: =+L8+(M8-L8)/2 -> 1963.5 | O8: =+M8-L8+1 -> 20 | P8: =+LN(O7:O8) -> 2.9957323 | Q8: 105 | R8: 0 | S8: OLS | T8: =IF(S8="OLS",0,IF(S8="FE",0,IF(S8="Probit model",0,IF(S8="3SLS",1,IF(S8="Logit",0,IF(S8="2SLS",1,IF(S8="SUR method",1,IF(S8="Modified LS",0,IF(S8="Zenner estimates",1,IF(S8="MLE",0,IF(S8="GLS",0,0))))))))))) -> 0 | U8: 0 | V8: 0 | W8: 0 | X8: 0 | Y8: 1 | Z8: 0 | AA8: 0 | AB8: USA | AC8: =IF(AB8="USA",1,IF(AB8="UK",2,IF(AB8="Canada",3,IF(AB8="Germany",4,IF(AB8="Netherlands",5,IF(AB8="India",20,IF(AB8="Indonesia",7,IF(AB8="Korea",8,IF(AB8="Philippines",9,IF(AB8="Taiwan",10,IF(AB8="Greece",11,IF(AB8="Iran",12,IF(AB8="Israel",13,IF(AB8="Kuwait",14,IF(AB8="Lebanon",15,IF(AB8="Saudi Arabia",16,IF(AB8="Turkey",17,IF(AB8="Ethiopia",18,IF(AB8="Kenya",19,IF(AB8="Nigeria",20,IF(AB8="Multinational",6,""))))))))))))))))))))) -> 1 | AD8: =IF(AB8="USA",1,0) -> 1 | AE8: 1 | AF8: 7.593374 | AG8: 4.663439 | AH8: =+F8/G8 -> -4.6757812 | AI8: =AH8/SQRT(AH8^2+J8) -> -0.78078471 | AJ8: =+AI8/AH8 -> 0.16698487 | AK8: =1/AJ8^2 -> 35.86293 | AL8: =1/AJ8 -> 5.9885666 | AM8: 1 | AN8: 0 | AO8: 0 | AP8: =1/SQRT(J8) -> 0.26726124 | AQ8: 1 | AR8: 0 | AS8: 0 | AT8: 0 | AU8: 0 | AV8: 0 | AW8: =1/K8 -> 0.033333333 | AX8: =1/(K8*K8) -> 0.0011111111
A9: Agarwal & Winkler (1985) | B9: 1985 | C9: =+IF(A9=A8,C8,C8+1) -> 1 | D9: enrollment | E9: tuition | F9: -1.357 | G9: 0.601 | H9: 3 | I9: 17 | J9: =+I9-H9 -> 14 | K9: 30 | L9: 1954 | M9: 1973 | N9: =+L9+(M9-L9)/2 -> 1963.5 | O9: =+M9-L9+1 -> 20 | P9: =+LN(O8:O9) -> 2.9957323 | Q9: 105 | R9: 0 | S9: OLS | T9: =IF(S9="OLS",0,IF(S9="FE",0,IF(S9="Probit model",0,IF(S9="3SLS",1,IF(S9="Logit",0,IF(S9="2SLS",1,IF(S9="SUR method",1,IF(S9="Modified LS",0,IF(S9="Zenner estimates",1,IF(S9="MLE",0,IF(S9="GLS",0,0))))))))))) -> 0 | U9: 0 | V9: 0 | W9: 0 | X9: 0 | Y9: 1 | Z9: 0 | AA9: 0 | AB9: USA | AC9: =IF(AB9="USA",1,IF(AB9="UK",2,IF(AB9="Canada",3,IF(AB9="Germany",4,IF(AB9="Netherlands",5,IF(AB9="India",20,IF(AB9="Indonesia",7,IF(AB9="Korea",8,IF(AB9="Philippines",9,IF(AB9="Taiwan",10,IF(AB9="Greece",11,IF(AB9="Iran",12,IF(AB9="Israel",13,IF(AB9="Kuwait",14,IF(AB9="Lebanon",15,IF(AB9="Saudi Arabia",16,IF(AB9="Turkey",17,IF(AB9="Ethiopia",18,IF(AB9="Kenya",19,IF(AB9="Nigeria",20,IF(AB9="Multinational",6,""))))))))))))))))))))) -> 1 | AD9: =IF(AB9="USA",1,0) -> 1 | AE9: 1 | AF9: 7.593374 | AG9: 4.663439 | AH9: =+F9/G9 -> -2.2579035 | AI9: =AH9/SQRT(AH9^2+J9) -> -0.51666611 | AJ9: =+AI9/AH9 -> 0.22882559 | AK9: =1/AJ9^2 -> 19.098128 | AL9: =1/AJ9 -> 4.3701405 | AM9: 1 | AN9: 0 | AO9: 0 | AP9: =1/SQRT(J9) -> 0.26726124 | AQ9: 1 | AR9: 0 | AS9: 0 | AT9: 0 | AU9: 0 | AV9: 0 | AW9: =1/K9 -> 0.033333333 | AX9: =1/(K9*K9) -> 0.0011111111
A10: Agarwal & Winkler (1985) | B10: 1985 | C10: =+IF(A10=A9,C9,C9+1) -> 1 | D10: enrollment | E10: tuition | F10: -0.223 | G10: 1.229 | H10: 3 | I10: 17 | J10: =+I10-H10 -> 14 | K10: 30 | L10: 1954 | M10: 1973 | N10: =+L10+(M10-L10)/2 -> 1963.5 | O10: =+M10-L10+1 -> 20 | P10: =+LN(O9:O10) -> 2.9957323 | Q10: 105 | R10: 0 | S10: OLS | T10: =IF(S10="OLS",0,IF(S10="FE",0,IF(S10="Probit model",0,IF(S10="3SLS",1,IF(S10="Logit",0,IF(S10="2SLS",1,IF(S10="SUR method",1,IF(S10="Modified LS",0,IF(S10="Zenner estimates",1,IF(S10="MLE",0,IF(S10="GLS",0,0))))))))))) -> 0 | U10: 0 | V10: 0 | W10: 0 | X10: 0 | Y10: 1 | Z10: 0 | AA10: 0 | AB10: USA | AC10: =IF(AB10="USA",1,IF(AB10="UK",2,IF(AB10="Canada",3,IF(AB10="Germany",4,IF(AB10="Netherlands",5,IF(AB10="India",20,IF(AB10="Indonesia",7,IF(AB10="Korea",8,IF(AB10="Philippines",9,IF(AB10="Taiwan",10,IF(AB10="Greece",11,IF(AB10="Iran",12,IF(AB10="Israel",13,IF(AB10="Kuwait",14,IF(AB10="Lebanon",15,IF(AB10="Saudi Arabia",16,IF(AB10="Turkey",17,IF(AB10="Ethiopia",18,IF(AB10="Kenya",19,IF(AB10="Nigeria",20,IF(AB10="Multinational",6,""))))))))))))))))))))) -> 1 | AD10: =IF(AB10="USA",1,0) -> 1 | AE10: 1 | AF10: 7.593374 | AG10: 4.663439 | AH10: =+F10/G10 -> -0.18144833 | AI10: =AH10/SQRT(AH10^2+J10) -> -0.048437186 | AJ10: =+AI10/AH10 -> 0.26694754 | AK10: =1/AJ10^2 -> 14.032923 | AL10: =1/AJ10 -> 3.7460544 | AM10: 1 | AN10: 0 | AO10: 0 | AP10: =1/SQRT(J10) -> 0.26726124 | AQ10: 1 | AR10: 0 | AS10: 0 | AT10: 0 | AU10: 0 | AV10: 0 | AW10: =1/K10 -> 0.033333333 | AX10: =1/(K10*K10) -> 0.0011111111
A11: Agarwal & Winkler (1985) | B11: 1985 | C11: =+IF(A11=A10,C10,C10+1) -> 1 | D11: enrollment | E11: tuition | F11: -1.165 | G11: 0.255 | H11: 3 | I11: 17 | J11: =+I11-H11 -> 14 | K11: 30 | L11: 1954 | M11: 1973 | N11: =+L11+(M11-L11)/2 -> 1963.5 | O11: =+M11-L11+1 -> 20 | P11: =+LN(O10:O11) -> 2.9957323 | Q11: 105 | R11: 0 | S11: OLS | T11: =IF(S11="OLS",0,IF(S11="FE",0,IF(S11="Probit model",0,IF(S11="3SLS",1,IF(S11="Logit",0,IF(S11="2SLS",1,IF(S11="SUR method",1,IF(S11="Modified LS",0,IF(S11="Zenner estimates",1,IF(S11="MLE",0,IF(S11="GLS",0,0))))))))))) -> 0 | U11: 0 | V11: 0 | W11: 0 | X11: 0 | Y11: 1 | Z11: 0 | AA11: 0 | AB11: USA | AC11: =IF(AB11="USA",1,IF(AB11="UK",2,IF(AB11="Canada",3,IF(AB11="Germany",4,IF(AB11="Netherlands",5,IF(AB11="India",20,IF(AB11="Indonesia",7,IF(AB11="Korea",8,IF(AB11="Philippines",9,IF(AB11="Taiwan",10,IF(AB11="Greece",11,IF(AB11="Iran",12,IF(AB11="Israel",13,IF(AB11="Kuwait",14,IF(AB11="Lebanon",15,IF(AB11="Saudi Arabia",16,IF(AB11="Turkey",17,IF(AB11="Ethiopia",18,IF(AB11="Kenya",19,IF(AB11="Nigeria",20,IF(AB11="Multinational",6,""))))))))))))))))))))) -> 1 | AD11: =IF(AB11="USA",1,0) -> 1 | AE11: 1 | AF11: 7.593374 | AG11: 4.663439 | AH11: =+F11/G11 -> -4.5686275 | AI11: =AH11/SQRT(AH11^2+J11) -> -0.77365101 | AJ11: =+AI11/AH11 -> 0.16933992 | AK11: =1/AJ11^2 -> 34.872357 | AL11: =1/AJ11 -> 5.9052821 | AM11: 1 | AN11: 0 | AO11: 0 | AP11: =1/SQRT(J11) -> 0.26726124 | AQ11: 1 | AR11: 0 | AS11: 0 | AT11: 0 | AU11: 0 | AV11: 0 | AW11: =1/K11 -> 0.033333333 | AX11: =1/(K11*K11) -> 0.0011111111
A12: Agarwal & Winkler (1985) | B12: 1985 | C12: =+IF(A12=A11,C11,C11+1) -> 1 | D12: enrollment | E12: tuition | F12: -2.836 | G12: 0.352 | H12: 3 | I12: 17 | J12: =+I12-H12 -> 14 | K12: 30 | L12: 1954 | M12: 1973 | N12: =+L12+(M12-L12)/2 -> 1963.5 | O12: =+M12-L12+1 -> 20 | P12: =+LN(O11:O12) -> 2.9957323 | Q12: 105 | R12: 0 | S12: OLS | T12: =IF(S12="OLS",0,IF(S12="FE",0,IF(S12="Probit model",0,IF(S12="3SLS",1,IF(S12="Logit",0,IF(S12="2SLS",1,IF(S12="SUR method",1,IF(S12="Modified LS",0,IF(S12="Zenner estimates",1,IF(S12="MLE",0,IF(S12="GLS",0,0))))))))))) -> 0 | U12: 0 | V12: 0 | W12: 0 | X12: 0 | Y12: 1 | Z12: 0 | AA12: 0 | AB12: USA | AC12: =IF(AB12="USA",1,IF(AB12="UK",2,IF(AB12="Canada",3,IF(AB12="Germany",4,IF(AB12="Netherlands",5,IF(AB12="India",20,IF(AB12="Indonesia",7,IF(AB12="Korea",8,IF(AB12="Philippines",9,IF(AB12="Taiwan",10,IF(AB12="Greece",11,IF(AB12="Iran",12,IF(AB12="Israel",13,IF(AB12="Kuwait",14,IF(AB12="Lebanon",15,IF(AB12="Saudi Arabia",16,IF(AB12="Turkey",17,IF(AB12="Ethiopia",18,IF(AB12="Kenya",19,IF(AB12="Nigeria",20,IF(AB12="Multinational",6,""))))))))))))))))))))) -> 1 | AD12: =IF(AB12="USA",1,0) -> 1 | AE12: 1 | AF12: 7.593374 | AG12: 4.663439 | AH12: =+F12/G12 -> -8.0568182 | AI12: =AH12/SQRT(AH12^2+J12) -> -0.90696632 | AJ12: =+AI12/AH12 -> 0.11257128 | AK12: =1/AJ12^2 -> 78.912319 | AL12: =1/AJ12 -> 8.8832606 | AM12: 1 | AN12: 0 | AO12: 0 | AP12: =1/SQRT(J12) -> 0.26726124 | AQ12: 1 | AR12: 0 | AS12: 0 | AT12: 0 | AU12: 0 | AV12: 0 | AW12: =1/K12 -> 0.033333333 | AX12: =1/(K12*K12) -> 0.0011111111
A13: Agarwal & Winkler (1985) | B13: 1985 | C13: =+IF(A13=A12,C12,C12+1) -> 1 | D13: enrollment | E13: tuition | F13: -2.278 | G13: 0.279 | H13: 3 | I13: 17 | J13: =+I13-H13 -> 14 | K13: 30 | L13: 1954 | M13: 1973 | N13: =+L13+(M13-L13)/2 -> 1963.5 | O13: =+M13-L13+1 -> 20 | P13: =+LN(O12:O13) -> 2.9957323 | Q13: 105 | R13: 0 | S13: OLS | T13: =IF(S13="OLS",0,IF(S13="FE",0,IF(S13="Probit model",0,IF(S13="3SLS",1,IF(S13="Logit",0,IF(S13="2SLS",1,IF(S13="SUR method",1,IF(S13="Modified LS",0,IF(S13="Zenner estimates",1,IF(S13="MLE",0,IF(S13="GLS",0,0))))))))))) -> 0 | U13: 0 | V13: 0 | W13: 0 | X13: 0 | Y13: 1 | Z13: 0 | AA13: 0 | AB13: USA | AC13: =IF(AB13="USA",1,IF(AB13="UK",2,IF(AB13="Canada",3,IF(AB13="Germany",4,IF(AB13="Netherlands",5,IF(AB13="India",20,IF(AB13="Indonesia",7,IF(AB13="Korea",8,IF(AB13="Philippines",9,IF(AB13="Taiwan",10,IF(AB13="Greece",11,IF(AB13="Iran",12,IF(AB13="Israel",13,IF(AB13="Kuwait",14,IF(AB13="Lebanon",15,IF(AB13="Saudi Arabia",16,IF(AB13="Turkey",17,IF(AB13="Ethiopia",18,IF(AB13="Kenya",19,IF(AB13="Nigeria",20,IF(AB13="Multinational",6,""))))))))))))))))))))) -> 1 | AD13: =IF(AB13="USA",1,0) -> 1 | AE13: 1 | AF13: 7.593374 | AG13: 4.663439 | AH13: =+F13/G13 -> -8.1648746 | AI13: =AH13/SQRT(AH13^2+J13) -> -0.90908915 | AJ13: =+AI13/AH13 -> 0.11134147 | AK13: =1/AJ13^2 -> 80.665176 | AL13: =1/AJ13 -> 8.9813794 | AM13: 1 | AN13: 0 | AO13: 0 | AP13: =1/SQRT(J13) -> 0.26726124 | AQ13: 1 | AR13: 0 | AS13: 0 | AT13: 0 | AU13: 0 | AV13: 0 | AW13: =1/K13 -> 0.033333333 | AX13: =1/(K13*K13) -> 0.0011111111
A14: Agarwal & Winkler (1985) | B14: 1985 | C14: =+IF(A14=A13,C13,C13+1) -> 1 | D14: enrollment | E14: tuition | F14: 0.725 | G14: 0.475 | H14: 3 | I14: 17 | J14: =+I14-H14 -> 14 | K14: 30 | L14: 1954 | M14: 1973 | N14: =+L14+(M14-L14)/2 -> 1963.5 | O14: =+M14-L14+1 -> 20 | P14: =+LN(O13:O14) -> 2.9957323 | Q14: 105 | R14: 0 | S14: OLS | T14: =IF(S14="OLS",0,IF(S14="FE",0,IF(S14="Probit model",0,IF(S14="3SLS",1,IF(S14="Logit",0,IF(S14="2SLS",1,IF(S14="SUR method",1,IF(S14="Modified LS",0,IF(S14="Zenner estimates",1,IF(S14="MLE",0,IF(S14="GLS",0,0))))))))))) -> 0 | U14: 0 | V14: 0 | W14: 0 | X14: 0 | Y14: 1 | Z14: 0 | AA14: 0 | AB14: USA | AC14: =IF(AB14="USA",1,IF(AB14="UK",2,IF(AB14="Canada",3,IF(AB14="Germany",4,IF(AB14="Netherlands",5,IF(AB14="India",20,IF(AB14="Indonesia",7,IF(AB14="Korea",8,IF(AB14="Philippines",9,IF(AB14="Taiwan",10,IF(AB14="Greece",11,IF(AB14="Iran",12,IF(AB14="Israel",13,IF(AB14="Kuwait",14,IF(AB14="Lebanon",15,IF(AB14="Saudi Arabia",16,IF(AB14="Turkey",17,IF(AB14="Ethiopia",18,IF(AB14="Kenya",19,IF(AB14="Nigeria",20,IF(AB14="Multinational",6,""))))))))))))))))))))) -> 1 | AD14: =IF(AB14="USA",1,0) -> 1 | AE14: 1 | AF14: 7.593374 | AG14: 4.663439 | AH14: =+F14/G14 -> 1.5263158 | AI14: =AH14/SQRT(AH14^2+J14) -> 0.37770792 | AJ14: =+AI14/AH14 -> 0.24746381 | AK14: =1/AJ14^2 -> 16.32964 | AL14: =1/AJ14 -> 4.0409949 | AM14: 1 | AN14: 0 | AO14: 0 | AP14: =1/SQRT(J14) -> 0.26726124 | AQ14: 1 | AR14: 0 | AS14: 0 | AT14: 0 | AU14: 0 | AV14: 0 | AW14: =1/K14 -> 0.033333333 | AX14: =1/(K14*K14) -> 0.0011111111
... A55: Buss et al. (2004) | B55: 2004 | C55: =+IF(A55=A54,C54,C54+1) -> 7 | D55: enrollment | E55: tuition | F55: -0.069 | G55: 0.0082 | H55: 10 | I55: 356 | J55: =+I55-H55 -> 346 | K55: 6 | L55: 1988 | M55: 1998 | N55: =+L55+(M55-L55)/2 -> 1993 | O55: =+M55-L55+1 -> 11 | P55: =+LN(O54:O55) -> 2.3978953 | Q55: 42 | R55: 3 | S55: OLS | T55: =IF(S55="OLS",0,IF(S55="FE",0,IF(S55="Probit model",0,IF(S55="3SLS",1,IF(S55="Logit",0,IF(S55="2SLS",1,IF(S55="SUR method",1,IF(S55="Modified LS",0,IF(S55="Zenner estimates",1,IF(S55="MLE",0,IF(S55="GLS",0,0))))))))))) -> 0 | U55: 0 | V55: 0 | W55: 0 | X55: 0 | Y55: 0 | Z55: 1 | AA55: 0 | AB55: USA | AC55: =IF(AB55="USA",1,IF(AB55="UK",2,IF(AB55="Canada",3,IF(AB55="Germany",4,IF(AB55="Netherlands",5,IF(AB55="India",20,IF(AB55="Indonesia",7,IF(AB55="Korea",8,IF(AB55="Philippines",9,IF(AB55="Taiwan",10,IF(AB55="Greece",11,IF(AB55="Iran",12,IF(AB55="Israel",13,IF(AB55="Kuwait",14,IF(AB55="Lebanon",15,IF(AB55="Saudi Arabia",16,IF(AB55="Turkey",17,IF(AB55="Ethiopia",18,IF(AB55="Kenya",19,IF(AB55="Nigeria",20,IF(AB55="Multinational",6,""))))))))))))))))))))) -> 1 | AD55: =IF(AB55="USA",1,0) -> 1 | AE55: 1 | AF55: 7.602901 | AG55: 3.7612 | AH55: =+F55/G55 -> -8.4146341 | AI55: =AH55/SQRT(AH55^2+J55) -> -0.41216226 | AJ55: =+AI55/AH55 -> 0.048981602 | AK55: =1/AJ55^2 -> 416.80607 | AL55: =1/AJ55 -> 20.415829 | AM55: 1 | AN55: 0 | AO55: 0 | AP55: =1/SQRT(J55) -> 0.053760333 | AQ55: 1 | AR55: 0 | AS55: 0 | AT55: 0 | AU55: 1 | AV55: 0 | AW55: =1/K55 -> 0.16666667 | AX55: =1/(K55*K55) -> 0.027777778
A56: Campbell & Siegel (1967) | B56: 1967 | C56: =+IF(A56=A55,C55,C55+1) -> 8 | D56: enrollment | E56: tuition | F56: -0.44 | G56: 0.1506 | H56: 2 | I56: 450 | J56: =+I56-H56 -> 448 | K56: 1 | L56: 1927 | M56: 1963 | N56: =(1927+1931+1935+1939+1947+1951+1955+1959+1963)/O56 -> 1945.2222 | O56: 9 | P56: =+LN(O55:O56) -> 2.1972246 | Q56: 293 | R56: 0 | S56: OLS | T56: =IF(S56="OLS",0,IF(S56="FE",0,IF(S56="Probit model",0,IF(S56="3SLS",1,IF(S56="Logit",0,IF(S56="2SLS",1,IF(S56="SUR method",1,IF(S56="Modified LS",0,IF(S56="Zenner estimates",1,IF(S56="MLE",0,IF(S56="GLS",0,0))))))))))) -> 0 | U56: 0 | V56: 1 | W56: 1 | X56: 0 | Y56: 1 | Z56: 0 | AA56: 0 | AB56: USA | AC56: =IF(AB56="USA",1,IF(AB56="UK",2,IF(AB56="Canada",3,IF(AB56="Germany",4,IF(AB56="Netherlands",5,IF(AB56="India",20,IF(AB56="Indonesia",7,IF(AB56="Korea",8,IF(AB56="Philippines",9,IF(AB56="Taiwan",10,IF(AB56="Greece",11,IF(AB56="Iran",12,IF(AB56="Israel",13,IF(AB56="Kuwait",14,IF(AB56="Lebanon",15,IF(AB56="Saudi Arabia",16,IF(AB56="Turkey",17,IF(AB56="Ethiopia",18,IF(AB56="Kenya",19,IF(AB56="Nigeria",20,IF(AB56="Multinational",6,""))))))))))))))))))))) -> 1 | AD56: =IF(AB56="USA",1,0) -> 1 | AE56: 1 | AF56: 7.584265 | AG56: 5.68358 | AH56: =+F56/G56 -> -2.9216467 | AI56: =AH56/SQRT(AH56^2+J56) -> -0.1367383 | AJ56: =+AI56/AH56 -> 0.046801791 | AK56: =1/AJ56^2 -> 456.53602 | AL56: =1/AJ56 -> 21.366704 | AM56: 0 | AN56: 1 | AO56: 0 | AP56: =1/SQRT(J56) -> 0.047245559 | AQ56: 1 | AR56: 0 | AS56: 0 | AT56: 0 | AU56: 0 | AV56: 1 | AW56: =1/K56 -> 1 | AX56: =1/(K56*K56) -> 1
A57: Canton & de Jong (2002) | B57: 2002 | C57: =+IF(A57=A56,C56,C56+1) -> 9 | D57: enrollment | E57: tuition | F57: -0.143 | G57: 0.192 | H57: 6 | I57: 48 | J57: =+I57-H57 -> 42 | K57: 20 | L57: 1950 | M57: 1999 | N57: =+L57+(M57-L57)/2 -> 1974.5 | O57: =+M57-L57+1 -> 50 | P57: =+LN(O56:O57) -> 3.912023 | Q57: 20 | R57: 4 | S57: ECM (OLS) | T57: =IF(S57="OLS",0,IF(S57="FE",0,IF(S57="Probit model",0,IF(S57="3SLS",1,IF(S57="Logit",0,IF(S57="2SLS",1,IF(S57="SUR method",1,IF(S57="Modified LS",0,IF(S57="Zenner estimates",1,IF(S57="MLE",0,IF(S57="GLS",0,0))))))))))) -> 0 | U57: 1 | V57: 1 | W57: 0 | X57: 0 | Y57: 1 | Z57: 0 | AA57: 0 | AB57: Netherlands | AC57: =IF(AB57="USA",1,IF(AB57="UK",2,IF(AB57="Canada",3,IF(AB57="Germany",4,IF(AB57="Netherlands",5,IF(AB57="India",20,IF(AB57="Indonesia",7,IF(AB57="Korea",8,IF(AB57="Philippines",9,IF(AB57="Taiwan",10,IF(AB57="Greece",11,IF(AB57="Iran",12,IF(AB57="Israel",13,IF(AB57="Kuwait",14,IF(AB57="Lebanon",15,IF(AB57="Saudi Arabia",16,IF(AB57="Turkey",17,IF(AB57="Ethiopia",18,IF(AB57="Kenya",19,IF(AB57="Nigeria",20,IF(AB57="Multinational",6,""))))))))))))))))))))) -> 5 | AD57: =IF(AB57="USA",1,0) -> 0 | AE57: 0 | AF57: 7.601902 | AG57: 3.044523 | AH57: =+F57/G57 -> -0.74479167 | AI57: =AH57/SQRT(AH57^2+J57) -> -0.11417236 | AJ57: =+AI57/AH57 -> 0.15329435 | AK57: =1/AJ57^2 -> 42.554715 | AL57: =1/AJ57 -> 6.5233975 | AM57: 0 | AN57: 1 | AO57: 0 | AP57: =1/SQRT(J57) -> 0.15430335 | AQ57: 1 | AR57: 0 | AS57: 1 | AT57: 0 | AU57: 0 | AV57: 0 | AW57: =1/K57 -> 0.05 | AX57: =1/(K57*K57) -> 0.0025
A58: Canton & de Jong (2002) | B58: 2002 | C58: =+IF(A58=A57,C57,C57+1) -> 9 | D58: enrollment | E58: tuition | F58: -0.377 | G58: 0.292 | H58: 6 | I58: 47 | J58: =+I58-H58 -> 41 | K58: 20 | L58: 1950 | M58: 1999 | N58: =+L58+(M58-L58)/2 -> 1974.5 | O58: =+M58-L58+1 -> 50 | P58: =+LN(O57:O58) -> 3.912023 | Q58: 20 | R58: 4 | S58: ECM (OLS) | T58: =IF(S58="OLS",0,IF(S58="FE",0,IF(S58="Probit model",0,IF(S58="3SLS",1,IF(S58="Logit",0,IF(S58="2SLS",1,IF(S58="SUR method",1,IF(S58="Modified LS",0,IF(S58="Zenner estimates",1,IF(S58="MLE",0,IF(S58="GLS",0,0))))))))))) -> 0 | U58: 1 | V58: 1 | W58: 0 | X58: 0 | Y58: 1 | Z58: 0 | AA58: 0 | AB58: Netherlands | AC58: =IF(AB58="USA",1,IF(AB58="UK",2,IF(AB58="Canada",3,IF(AB58="Germany",4,IF(AB58="Netherlands",5,IF(AB58="India",20,IF(AB58="Indonesia",7,IF(AB58="Korea",8,IF(AB58="Philippines",9,IF(AB58="Taiwan",10,IF(AB58="Greece",11,IF(AB58="Iran",12,IF(AB58="Israel",13,IF(AB58="Kuwait",14,IF(AB58="Lebanon",15,IF(AB58="Saudi Arabia",16,IF(AB58="Turkey",17,IF(AB58="Ethiopia",18,IF(AB58="Kenya",19,IF(AB58="Nigeria",20,IF(AB58="Multinational",6,""))))))))))))))))))))) -> 5 | AD58: =IF(AB58="USA",1,0) -> 0 | AE58: 0 | AF58: 7.601902 | AG58: 3.044523 | AH58: =+F58/G58 -> -1.2910959 | AI58: =AH58/SQRT(AH58^2+J58) -> -0.19765728 | AJ58: =+AI58/AH58 -> 0.15309264 | AK58: =1/AJ58^2 -> 42.666929 | AL58: =1/AJ58 -> 6.5319927 | AM58: 0 | AN58: 1 | AO58: 0 | AP58: =1/SQRT(J58) -> 0.15617376 | AQ58: 1 | AR58: 0 | AS58: 1 | AT58: 0 | AU58: 0 | AV58: 0 | AW58: =1/K58 -> 0.05 | AX58: =1/(K58*K58) -> 0.0025
A59: Canton & de Jong (2002) | B59: 2002 | C59: =+IF(A59=A58,C58,C58+1) -> 9 | D59: enrollment | E59: tuition | F59: -0.228 | G59: 0.131 | H59: 7 | I59: 48 | J59: =+I59-H59 -> 41 | K59: 20 | L59: 1950 | M59: 1999 | N59: =+L59+(M59-L59)/2 -> 1974.5 | O59: =+M59-L59+1 -> 50 | P59: =+LN(O58:O59) -> 3.912023 | Q59: 20 | R59: 4 | S59: ECM (OLS) | T59: =IF(S59="OLS",0,IF(S59="FE",0,IF(S59="Probit model",0,IF(S59="3SLS",1,IF(S59="Logit",0,IF(S59="2SLS",1,IF(S59="SUR method",1,IF(S59="Modified LS",0,IF(S59="Zenner estimates",1,IF(S59="MLE",0,IF(S59="GLS",0,0))))))))))) -> 0 | U59: 1 | V59: 1 | W59: 1 | X59: 0 | Y59: 1 | Z59: 0 | AA59: 0 | AB59: Netherlands | AC59: =IF(AB59="USA",1,IF(AB59="UK",2,IF(AB59="Canada",3,IF(AB59="Germany",4,IF(AB59="Netherlands",5,IF(AB59="India",20,IF(AB59="Indonesia",7,IF(AB59="Korea",8,IF(AB59="Philippines",9,IF(AB59="Taiwan",10,IF(AB59="Greece",11,IF(AB59="Iran",12,IF(AB59="Israel",13,IF(AB59="Kuwait",14,IF(AB59="Lebanon",15,IF(AB59="Saudi Arabia",16,IF(AB59="Turkey",17,IF(AB59="Ethiopia",18,IF(AB59="Kenya",19,IF(AB59="Nigeria",20,IF(AB59="Multinational",6,""))))))))))))))))))))) -> 5 | AD59: =IF(AB59="USA",1,0) -> 0 | AE59: 0 | AF59: 7.601902 | AG59: 3.044523 | AH59: =+F59/G59 -> -1.740458 | AI59: =AH59/SQRT(AH59^2+J59) -> -0.26229692 | AJ59: =+AI59/AH59 -> 0.15070568 | AK59: =1/AJ59^2 -> 44.029194 | AL59: =1/AJ59 -> 6.6354498 | AM59: 0 | AN59: 1 | AO59: 0 | AP59: =1/SQRT(J59) -> 0.15617376 | AQ59: 1 | AR59: 0 | AS59: 1 | AT59: 0 | AU59: 0 | AV59: 0 | AW59: =1/K59 -> 0.05 | AX59: =1/(K59*K59) -> 0.0025
A60: Canton & de Jong (2002) | B60: 2002 | C60: =+IF(A60=A59,C59,C59+1) -> 9 | D60: enrollment | E60: tuition | F60: -0.318 | G60: 0.154 | H60: 7 | I60: 47 | J60: =+I60-H60 -> 40 | K60: 20 | L60: 1950 | M60: 1999 | N60: =+L60+(M60-L60)/2 -> 1974.5 | O60: =+M60-L60+1 -> 50 | P60: =+LN(O59:O60) -> 3.912023 | Q60: 20 | R60: 4 | S60: ECM (OLS) | T60: =IF(S60="OLS",0,IF(S60="FE",0,IF(S60="Probit model",0,IF(S60="3SLS",1,IF(S60="Logit",0,IF(S60="2SLS",1,IF(S60="SUR method",1,IF(S60="Modified LS",0,IF(S60="Zenner estimates",1,IF(S60="MLE",0,IF(S60="GLS",0,0))))))))))) -> 0 | U60: 1 | V60: 1 | W60: 1 | X60: 0 | Y60: 1 | Z60: 0 | AA60: 0 | AB60: Netherlands | AC60: =IF(AB60="USA",1,IF(AB60="UK",2,IF(AB60="Canada",3,IF(AB60="Germany",4,IF(AB60="Netherlands",5,IF(AB60="India",20,IF(AB60="Indonesia",7,IF(AB60="Korea",8,IF(AB60="Philippines",9,IF(AB60="Taiwan",10,IF(AB60="Greece",11,IF(AB60="Iran",12,IF(AB60="Israel",13,IF(AB60="Kuwait",14,IF(AB60="Lebanon",15,IF(AB60="Saudi Arabia",16,IF(AB60="Turkey",17,IF(AB60="Ethiopia",18,IF(AB60="Kenya",19,IF(AB60="Nigeria",20,IF(AB60="Multinational",6,""))))))))))))))))))))) -> 5 | AD60: =IF(AB60="USA",1,0) -> 0 | AE60: 0 | AF60: 7.601902 | AG60: 3.044523 | AH60: =+F60/G60 -> -2.0649351 | AI60: =AH60/SQRT(AH60^2+J60) -> -0.3103711 | AJ60: =+AI60/AH60 -> 0.1503055 | AK60: =1/AJ60^2 -> 44.263957 | AL60: =1/AJ60 -> 6.6531163 | AM60: 0 | AN60: 1 | AO60: 0 | AP60: =1/SQRT(J60) -> 0.15811388 | AQ60: 1 | AR60: 0 | AS60: 1 | AT60: 0 | AU60: 0 | AV60: 0 | AW60: =1/K60 -> 0.05 | AX60: =1/(K60*K60) -> 0.0025
A61: Canton & de Jong (2002) | B61: 2002 | C61: =+IF(A61=A60,C60,C60+1) -> 9 | D61: enrollment | E61: tuition | F61: -0.044 | G61: 0.13 | H61: 7 | I61: 47 | J61: =+I61-H61 -> 40 | K61: 20 | L61: 1950 | M61: 1999 | N61: =+L61+(M61-L61)/2 -> 1974.5 | O61: =+M61-L61+1 -> 50 | P61: =+LN(O60:O61) -> 3.912023 | Q61: 20 | R61: 4 | S61: ECM (OLS) | T61: =IF(S61="OLS",0,IF(S61="FE",0,IF(S61="Probit model",0,IF(S61="3SLS",1,IF(S61="Logit",0,IF(S61="2SLS",1,IF(S61="SUR method",1,IF(S61="Modified LS",0,IF(S61="Zenner estimates",1,IF(S61="MLE",0,IF(S61="GLS",0,0))))))))))) -> 0 | U61: 1 | V61: 1 | W61: 1 | X61: 0 | Y61: 1 | Z61: 0 | AA61: 0 | AB61: Netherlands | AC61: =IF(AB61="USA",1,IF(AB61="UK",2,IF(AB61="Canada",3,IF(AB61="Germany",4,IF(AB61="Netherlands",5,IF(AB61="India",20,IF(AB61="Indonesia",7,IF(AB61="Korea",8,IF(AB61="Philippines",9,IF(AB61="Taiwan",10,IF(AB61="Greece",11,IF(AB61="Iran",12,IF(AB61="Israel",13,IF(AB61="Kuwait",14,IF(AB61="Lebanon",15,IF(AB61="Saudi Arabia",16,IF(AB61="Turkey",17,IF(AB61="Ethiopia",18,IF(AB61="Kenya",19,IF(AB61="Nigeria",20,IF(AB61="Multinational",6,""))))))))))))))))))))) -> 5 | AD61: =IF(AB61="USA",1,0) -> 0 | AE61: 0 | AF61: 7.601902 | AG61: 3.044523 | AH61: =+F61/G61 -> -0.33846154 | AI61: =AH61/SQRT(AH61^2+J61) -> -0.053439001 | AJ61: =+AI61/AH61 -> 0.15788796 | AK61: =1/AJ61^2 -> 40.114556 | AL61: =1/AJ61 -> 6.3336053 | AM61: 0 | AN61: 1 | AO61: 0 | AP61: =1/SQRT(J61) -> 0.15811388 | AQ61: 1 | AR61: 0 | AS61: 1 | AT61: 0 | AU61: 0 | AV61: 0 | AW61: =1/K61 -> 0.05 | AX61: =1/(K61*K61) -> 0.0025
A62: Canton & de Jong (2002) | B62: 2002 | C62: =+IF(A62=A61,C61,C61+1) -> 9 | D62: enrollment | E62: tuition | F62: -0.01 | G62: 0.136 | H62: 6 | I62: 48 | J62: =+I62-H62 -> 42 | K62: 20 | L62: 1950 | M62: 1999 | N62: =+L62+(M62-L62)/2 -> 1974.5 | O62: =+M62-L62+1 -> 50 | P62: =+LN(O61:O62) -> 3.912023 | Q62: 20 | R62: 4 | S62: ECM (OLS) | T62: =IF(S62="OLS",0,IF(S62="FE",0,IF(S62="Probit model",0,IF(S62="3SLS",1,IF(S62="Logit",0,IF(S62="2SLS",1,IF(S62="SUR method",1,IF(S62="Modified LS",0,IF(S62="Zenner estimates",1,IF(S62="MLE",0,IF(S62="GLS",0,0))))))))))) -> 0 | U62: 1 | V62: 1 | W62: 0 | X62: 0 | Y62: 1 | Z62: 0 | AA62: 0 | AB62: Netherlands | AC62: =IF(AB62="USA",1,IF(AB62="UK",2,IF(AB62="Canada",3,IF(AB62="Germany",4,IF(AB62="Netherlands",5,IF(AB62="India",20,IF(AB62="Indonesia",7,IF(AB62="Korea",8,IF(AB62="Philippines",9,IF(AB62="Taiwan",10,IF(AB62="Greece",11,IF(AB62="Iran",12,IF(AB62="Israel",13,IF(AB62="Kuwait",14,IF(AB62="Lebanon",15,IF(AB62="Saudi Arabia",16,IF(AB62="Turkey",17,IF(AB62="Ethiopia",18,IF(AB62="Kenya",19,IF(AB62="Nigeria",20,IF(AB62="Multinational",6,""))))))))))))))))))))) -> 5 | AD62: =IF(AB62="USA",1,0) -> 0 | AE62: 0 | AF62: 7.601902 | AG62: 3.044523 | AH62: =+F62/G62 -> -0.073529412 | AI62: =AH62/SQRT(AH62^2+J62) -> -0.011345104 | AJ62: =+AI62/AH62 -> 0.15429342 | AK62: =1/AJ62^2 -> 42.005407 | AL62: =1/AJ62 -> 6.4811578 | AM62: 0 | AN62: 1 | AO62: 0 | AP62: =1/SQRT(J62) -> 0.15430335 | AQ62: 1 | AR62: 0 | AS62: 0 | AT62: 1 | AU62: 0 | AV62: 0 | AW62: =1/K62 -> 0.05 | AX62: =1/(K62*K62) -> 0.0025
A63: Canton & de Jong (2002) | B63: 2002 | C63: =+IF(A63=A62,C62,C62+1) -> 9 | D63: enrollment | E63: tuition | F63: -0.076 | G63: 0.159 | H63: 6 | I63: 47 | J63: =+I63-H63 -> 41 | K63: 20 | L63: 1950 | M63: 1999 | N63: =+L63+(M63-L63)/2 -> 1974.5 | O63: =+M63-L63+1 -> 50 | P63: =+LN(O62:O63) -> 3.912023 | Q63: 20 | R63: 4 | S63: ECM (OLS) | T63: =IF(S63="OLS",0,IF(S63="FE",0,IF(S63="Probit model",0,IF(S63="3SLS",1,IF(S63="Logit",0,IF(S63="2SLS",1,IF(S63="SUR method",1,IF(S63="Modified LS",0,IF(S63="Zenner estimates",1,IF(S63="MLE",0,IF(S63="GLS",0,0))))))))))) -> 0 | U63: 1 | V63: 1 | W63: 0 | X63: 0 | Y63: 1 | Z63: 0 | AA63: 0 | AB63: Netherlands | AC63: =IF(AB63="USA",1,IF(AB63="UK",2,IF(AB63="Canada",3,IF(AB63="Germany",4,IF(AB63="Netherlands",5,IF(AB63="India",20,IF(AB63="Indonesia",7,IF(AB63="Korea",8,IF(AB63="Philippines",9,IF(AB63="Taiwan",10,IF(AB63="Greece",11,IF(AB63="Iran",12,IF(AB63="Israel",13,IF(AB63="Kuwait",14,IF(AB63="Lebanon",15,IF(AB63="Saudi Arabia",16,IF(AB63="Turkey",17,IF(AB63="Ethiopia",18,IF(AB63="Kenya",19,IF(AB63="Nigeria",20,IF(AB63="Multinational",6,""))))))))))))))))))))) -> 5 | AD63: =IF(AB63="USA",1,0) -> 0 | AE63: 0 | AF63: 7.601902 | AG63: 3.044523 | AH63: =+F63/G63 -> -0.47798742 | AI63: =AH63/SQRT(AH63^2+J63) -> -0.074441968 | AJ63: =+AI63/AH63 -> 0.15574043 | AK63: =1/AJ63^2 -> 41.228472 | AL63: =1/AJ63 -> 6.4209401 | AM63: 0 | AN63: 1 | AO63: 0 | AP63: =1/SQRT(J63) -> 0.15617376 | AQ63: 1 | AR63: 0 | AS63: 0 | AT63: 1 | AU63: 0 | AV63: 0 | AW63: =1/K63 -> 0.05 | AX63: =1/(K63*K63) -> 0.0025
A64: Canton & de Jong (2002) | B64: 2002 | C64: =+IF(A64=A63,C63,C63+1) -> 9 | D64: enrollment | E64: tuition | F64: -0.149 | G64: 0.142 | H64: 7 | I64: 48 | J64: =+I64-H64 -> 41 | K64: 20 | L64: 1950 | M64: 1999 | N64: =+L64+(M64-L64)/2 -> 1974.5 | O64: =+M64-L64+1 -> 50 | P64: =+LN(O63:O64) -> 3.912023 | Q64: 20 | R64: 4 | S64: ECM (OLS) | T64: =IF(S64="OLS",0,IF(S64="FE",0,IF(S64="Probit model",0,IF(S64="3SLS",1,IF(S64="Logit",0,IF(S64="2SLS",1,IF(S64="SUR method",1,IF(S64="Modified LS",0,IF(S64="Zenner estimates",1,IF(S64="MLE",0,IF(S64="GLS",0,0))))))))))) -> 0 | U64: 1 | V64: 1 | W64: 1 | X64: 0 | Y64: 1 | Z64: 0 | AA64: 0 | AB64: Netherlands | AC64: =IF(AB64="USA",1,IF(AB64="UK",2,IF(AB64="Canada",3,IF(AB64="Germany",4,IF(AB64="Netherlands",5,IF(AB64="India",20,IF(AB64="Indonesia",7,IF(AB64="Korea",8,IF(AB64="Philippines",9,IF(AB64="Taiwan",10,IF(AB64="Greece",11,IF(AB64="Iran",12,IF(AB64="Israel",13,IF(AB64="Kuwait",14,IF(AB64="Lebanon",15,IF(AB64="Saudi Arabia",16,IF(AB64="Turkey",17,IF(AB64="Ethiopia",18,IF(AB64="Kenya",19,IF(AB64="Nigeria",20,IF(AB64="Multinational",6,""))))))))))))))))))))) -> 5 | AD64: =IF(AB64="USA",1,0) -> 0 | AE64: 0 | AF64: 7.601902 | AG64: 3.044523 | AH64: =+F64/G64 -> -1.0492958 | AI64: =AH64/SQRT(AH64^2+J64) -> -0.16171548 | AJ64: =+AI64/AH64 -> 0.15411811 | AK64: =1/AJ64^2 -> 42.101022 | AL64: =1/AJ64 -> 6.48853 | AM64: 0 | AN64: 1 | AO64: 0 | AP64: =1/SQRT(J64) -> 0.15617376 | AQ64: 1 | AR64: 0 | AS64: 0 | AT64: 1 | AU64: 0 | AV64: 0 | AW64: =1/K64 -> 0.05 | AX64: =1/(K64*K64) -> 0.0025
A65: Canton & de Jong (2002) | B65: 2002 | C65: =+IF(A65=A64,C64,C64+1) -> 9 | D65: enrollment | E65: tuition | F65: -0.185 | G65: 0.143 | H65: 7 | I65: 47 | J65: =+I65-H65 -> 40 | K65: 20 | L65: 1950 | M65: 1999 | N65: =+L65+(M65-L65)/2 -> 1974.5 | O65: =+M65-L65+1 -> 50 | P65: =+LN(O64:O65) -> 3.912023 | Q65: 20 | R65: 4 | S65: ECM (OLS) | T65: =IF(S65="OLS",0,IF(S65="FE",0,IF(S65="Probit model",0,IF(S65="3SLS",1,IF(S65="Logit",0,IF(S65="2SLS",1,IF(S65="SUR method",1,IF(S65="Modified LS",0,IF(S65="Zenner estimates",1,IF(S65="MLE",0,IF(S65="GLS",0,0))))))))))) -> 0 | U65: 1 | V65: 1 | W65: 1 | X65: 0 | Y65: 1 | Z65: 0 | AA65: 0 | AB65: Netherlands | AC65: =IF(AB65="USA",1,IF(AB65="UK",2,IF(AB65="Canada",3,IF(AB65="Germany",4,IF(AB65="Netherlands",5,IF(AB65="India",20,IF(AB65="Indonesia",7,IF(AB65="Korea",8,IF(AB65="Philippines",9,IF(AB65="Taiwan",10,IF(AB65="Greece",11,IF(AB65="Iran",12,IF(AB65="Israel",13,IF(AB65="Kuwait",14,IF(AB65="Lebanon",15,IF(AB65="Saudi Arabia",16,IF(AB65="Turkey",17,IF(AB65="Ethiopia",18,IF(AB65="Kenya",19,IF(AB65="Nigeria",20,IF(AB65="Multinational",6,""))))))))))))))))))))) -> 5 | AD65: =IF(AB65="USA",1,0) -> 0 | AE65: 0 | AF65: 7.601902 | AG65: 3.044523 | AH65: =+F65/G65 -> -1.2937063 | AI65: =AH65/SQRT(AH65^2+J65) -> -0.20040326 | AJ65: =+AI65/AH65 -> 0.1549063 | AK65: =1/AJ65^2 -> 41.673676 | AL65: =1/AJ65 -> 6.4555152 | AM65: 0 | AN65: 1 | AO65: 0 | AP65: =1/SQRT(J65) -> 0.15811388 | AQ65: 1 | AR65: 0 | AS65: 0 | AT65: 1 | AU65: 0 | AV65: 0 | AW65: =1/K65 -> 0.05 | AX65: =1/(K65*K65) -> 0.0025
A66: Canton & de Jong (2002) | B66: 2002 | C66: =+IF(A66=A65,C65,C65+1) -> 9 | D66: enrollment | E66: tuition | F66: 0.026 | G66: 0.121 | H66: 7 | I66: 47 | J66: =+I66-H66 -> 40 | K66: 20 | L66: 1950 | M66: 1999 | N66: =+L66+(M66-L66)/2 -> 1974.5 | O66: =+M66-L66+1 -> 50 | P66: =+LN(O65:O66) -> 3.912023 | Q66: 20 | R66: 4 | S66: ECM (OLS) | T66: =IF(S66="OLS",0,IF(S66="FE",0,IF(S66="Probit model",0,IF(S66="3SLS",1,IF(S66="Logit",0,IF(S66="2SLS",1,IF(S66="SUR method",1,IF(S66="Modified LS",0,IF(S66="Zenner estimates",1,IF(S66="MLE",0,IF(S66="GLS",0,0))))))))))) -> 0 | U66: 1 | V66: 1 | W66: 1 | X66: 0 | Y66: 1 | Z66: 0 | AA66: 0 | AB66: Netherlands | AC66: =IF(AB66="USA",1,IF(AB66="UK",2,IF(AB66="Canada",3,IF(AB66="Germany",4,IF(AB66="Netherlands",5,IF(AB66="India",20,IF(AB66="Indonesia",7,IF(AB66="Korea",8,IF(AB66="Philippines",9,IF(AB66="Taiwan",10,IF(AB66="Greece",11,IF(AB66="Iran",12,IF(AB66="Israel",13,IF(AB66="Kuwait",14,IF(AB66="Lebanon",15,IF(AB66="Saudi Arabia",16,IF(AB66="Turkey",17,IF(AB66="Ethiopia",18,IF(AB66="Kenya",19,IF(AB66="Nigeria",20,IF(AB66="Multinational",6,""))))))))))))))))))))) -> 5 | AD66: =IF(AB66="USA",1,0) -> 0 | AE66: 0 | AF66: 7.601902 | AG66: 3.044523 | AH66: =+F66/G66 -> 0.21487603 | AI66: =AH66/SQRT(AH66^2+J66) -> 0.033955292 | AJ66: =+AI66/AH66 -> 0.15802271 | AK66: =1/AJ66^2 -> 40.046172 | AL66: =1/AJ66 -> 6.3282045 | AM66: 0 | AN66: 1 | AO66: 0 | AP66: =1/SQRT(J66) -> 0.15811388 | AQ66: 1 | AR66: 0 | AS66: 0 | AT66: 1 | AU66: 0 | AV66: 0 | AW66: =1/K66 -> 0.05 | AX66: =1/(K66*K66) -> 0.0025
A67: Canton & de Jong (2002) | B67: 2002 | C67: =+IF(A67=A66,C66,C66+1) -> 9 | D67: enrollment | E67: tuition | F67: -0.102 | G67: 0.167 | H67: 6 | I67: 48 | J67: =+I67-H67 -> 42 | K67: 20 | L67: 1950 | M67: 1999 | N67: =+L67+(M67-L67)/2 -> 1974.5 | O67: =+M67-L67+1 -> 50 | P67: =+LN(O66:O67) -> 3.912023 | Q67: 20 | R67: 4 | S67: ECM (OLS) | T67: =IF(S67="OLS",0,IF(S67="FE",0,IF(S67="Probit model",0,IF(S67="3SLS",1,IF(S67="Logit",0,IF(S67="2SLS",1,IF(S67="SUR method",1,IF(S67="Modified LS",0,IF(S67="Zenner estimates",1,IF(S67="MLE",0,IF(S67="GLS",0,0))))))))))) -> 0 | U67: 1 | V67: 1 | W67: 0 | X67: 0 | Y67: 1 | Z67: 0 | AA67: 0 | AB67: Netherlands | AC67: =IF(AB67="USA",1,IF(AB67="UK",2,IF(AB67="Canada",3,IF(AB67="Germany",4,IF(AB67="Netherlands",5,IF(AB67="India",20,IF(AB67="Indonesia",7,IF(AB67="Korea",8,IF(AB67="Philippines",9,IF(AB67="Taiwan",10,IF(AB67="Greece",11,IF(AB67="Iran",12,IF(AB67="Israel",13,IF(AB67="Kuwait",14,IF(AB67="Lebanon",15,IF(AB67="Saudi Arabia",16,IF(AB67="Turkey",17,IF(AB67="Ethiopia",18,IF(AB67="Kenya",19,IF(AB67="Nigeria",20,IF(AB67="Multinational",6,""))))))))))))))))))))) -> 5 | AD67: =IF(AB67="USA",1,0) -> 0 | AE67: 0 | AF67: 7.601902 | AG67: 3.044523 | AH67: =+F67/G67 -> -0.61077844 | AI67: =AH67/SQRT(AH67^2+J67) -> -0.093829378 | AJ67: =+AI67/AH67 -> 0.15362261 | AK67: =1/AJ67^2 -> 42.37305 | AL67: =1/AJ67 -> 6.5094585 | AM67: 0 | AN67: 1 | AO67: 0 | AP67: =1/SQRT(J67) -> 0.15430335 | AQ67: 1 | AR67: 0 | AS67: 0 | AT67: 0 | AU67: 0 | AV67: 0 | AW67: =1/K67 -> 0.05 | AX67: =1/(K67*K67) -> 0.0025
A68: Canton & de Jong (2002) | B68: 2002 | C68: =+IF(A68=A67,C67,C67+1) -> 9 | D68: enrollment | E68: tuition | F68: -0.294 | G68: 0.247 | H68: 6 | I68: 47 | J68: =+I68-H68 -> 41 | K68: 20 | L68: 1950 | M68: 1999 | N68: =+L68+(M68-L68)/2 -> 1974.5 | O68: =+M68-L68+1 -> 50 | P68: =+LN(O67:O68) -> 3.912023 | Q68: 20 | R68: 4 | S68: ECM (OLS) | T68: =IF(S68="OLS",0,IF(S68="FE",0,IF(S68="Probit model",0,IF(S68="3SLS",1,IF(S68="Logit",0,IF(S68="2SLS",1,IF(S68="SUR method",1,IF(S68="Modified LS",0,IF(S68="Zenner estimates",1,IF(S68="MLE",0,IF(S68="GLS",0,0))))))))))) -> 0 | U68: 1 | V68: 1 | W68: 0 | X68: 0 | Y68: 1 | Z68: 0 | AA68: 0 | AB68: Netherlands | AC68: =IF(AB68="USA",1,IF(AB68="UK",2,IF(AB68="Canada",3,IF(AB68="Germany",4,IF(AB68="Netherlands",5,IF(AB68="India",20,IF(AB68="Indonesia",7,IF(AB68="Korea",8,IF(AB68="Philippines",9,IF(AB68="Taiwan",10,IF(AB68="Greece",11,IF(AB68="Iran",12,IF(AB68="Israel",13,IF(AB68="Kuwait",14,IF(AB68="Lebanon",15,IF(AB68="Saudi Arabia",16,IF(AB68="Turkey",17,IF(AB68="Ethiopia",18,IF(AB68="Kenya",19,IF(AB68="Nigeria",20,IF(AB68="Multinational",6,""))))))))))))))))))))) -> 5 | AD68: =IF(AB68="USA",1,0) -> 0 | AE68: 0 | AF68: 7.601902 | AG68: 3.044523 | AH68: =+F68/G68 -> -1.1902834 | AI68: =AH68/SQRT(AH68^2+J68) -> -0.18276017 | AJ68: =+AI68/AH68 -> 0.15354341 | AK68: =1/AJ68^2 -> 42.416775 | AL68: =1/AJ68 -> 6.5128162 | AM68: 0 | AN68: 1 | AO68: 0 | AP68: =1/SQRT(J68) -> 0.15617376 | AQ68: 1 | AR68: 0 | AS68: 0 | AT68: 0 | AU68: 0 | AV68: 0 | AW68: =1/K68 -> 0.05 | AX68: =1/(K68*K68) -> 0.0025
... A71: Canton & de Jong (2002) | B71: 2002 | C71: =+IF(A71=A70,C70,C70+1) -> 9 | D71: enrollment | E71: tuition | F71: -0.016 | G71: 0.128 | H71: 7 | I71: 47 | J71: =+I71-H71 -> 40 | K71: 20 | L71: 1950 | M71: 1999 | N71: =+L71+(M71-L71)/2 -> 1974.5 | O71: =+M71-L71+1 -> 50 | P71: =+LN(O70:O71) -> 3.912023 | Q71: 20 | R71: 4 | S71: ECM (OLS) | T71: =IF(S71="OLS",0,IF(S71="FE",0,IF(S71="Probit model",0,IF(S71="3SLS",1,IF(S71="Logit",0,IF(S71="2SLS",1,IF(S71="SUR method",1,IF(S71="Modified LS",0,IF(S71="Zenner estimates",1,IF(S71="MLE",0,IF(S71="GLS",0,0))))))))))) -> 0 | U71: 1 | V71: 1 | W71: 1 | X71: 0 | Y71: 1 | Z71: 0 | AA71: 0 | AB71: Netherlands | AC71: =IF(AB71="USA",1,IF(AB71="UK",2,IF(AB71="Canada",3,IF(AB71="Germany",4,IF(AB71="Netherlands",5,IF(AB71="India",20,IF(AB71="Indonesia",7,IF(AB71="Korea",8,IF(AB71="Philippines",9,IF(AB71="Taiwan",10,IF(AB71="Greece",11,IF(AB71="Iran",12,IF(AB71="Israel",13,IF(AB71="Kuwait",14,IF(AB71="Lebanon",15,IF(AB71="Saudi Arabia",16,IF(AB71="Turkey",17,IF(AB71="Ethiopia",18,IF(AB71="Kenya",19,IF(AB71="Nigeria",20,IF(AB71="Multinational",6,""))))))))))))))))))))) -> 5 | AD71: =IF(AB71="USA",1,0) -> 0 | AE71: 0 | AF71: 7.601902 | AG71: 3.044523 | AH71: =+F71/G71 -> -0.125 | AI71: =AH71/SQRT(AH71^2+J71) -> -0.019760376 | AJ71: =+AI71/AH71 -> 0.15808301 | AK71: =1/AJ71^2 -> 40.015625 | AL71: =1/AJ71 -> 6.3257905 | AM71: 0 | AN71: 1 | AO71: 0 | AP71: =1/SQRT(J71) -> 0.15811388 | AQ71: 1 | AR71: 0 | AS71: 0 | AT71: 0 | AU71: 0 | AV71: 0 | AW71: =1/K71 -> 0.05 | AX71: =1/(K71*K71) -> 0.0025
A72: Canton & de Jong (2002) | B72: 2002 | C72: =+IF(A72=A71,C71,C71+1) -> 9 | D72: enrollment | E72: tuition | F72: -0.078 | G72: 0.298 | H72: 6 | I72: 384 | J72: =+I72-H72 -> 378 | K72: 20 | L72: 1950 | M72: 1999 | N72: =+L72+(M72-L72)/2 -> 1974.5 | O72: =+M72-L72+1 -> 50 | P72: =+LN(O71:O72) -> 3.912023 | Q72: 20 | R72: 4 | S72: ECM (SUR) | T72: 1 | U72: 1 | V72: 1 | W72: 0 | X72: 0 | Y72: 1 | Z72: 0 | AA72: 0 | AB72: Netherlands | AC72: =IF(AB72="USA",1,IF(AB72="UK",2,IF(AB72="Canada",3,IF(AB72="Germany",4,IF(AB72="Netherlands",5,IF(AB72="India",20,IF(AB72="Indonesia",7,IF(AB72="Korea",8,IF(AB72="Philippines",9,IF(AB72="Taiwan",10,IF(AB72="Greece",11,IF(AB72="Iran",12,IF(AB72="Israel",13,IF(AB72="Kuwait",14,IF(AB72="Lebanon",15,IF(AB72="Saudi Arabia",16,IF(AB72="Turkey",17,IF(AB72="Ethiopia",18,IF(AB72="Kenya",19,IF(AB72="Nigeria",20,IF(AB72="Multinational",6,""))))))))))))))))))))) -> 5 | AD72: =IF(AB72="USA",1,0) -> 0 | AE72: 0 | AF72: 7.601902 | AG72: 3.044523 | AH72: =+F72/G72 -> -0.26174497 | AI72: =AH72/SQRT(AH72^2+J72) -> -0.013461489 | AJ72: =+AI72/AH72 -> 0.05142979 | AK72: =1/AJ72^2 -> 378.06851 | AL72: =1/AJ72 -> 19.443984 | AM72: 0 | AN72: 1 | AO72: 0 | AP72: =1/SQRT(J72) -> 0.05143445 | AQ72: 0 | AR72: 0 | AS72: 0 | AT72: 0 | AU72: 0 | AV72: 0 | AW72: =1/K72 -> 0.05 | AX72: =1/(K72*K72) -> 0.0025
A73: Canton & de Jong (2002) | B73: 2002 | C73: =+IF(A73=A72,C72,C72+1) -> 9 | D73: enrollment | E73: tuition | F73: 0.06 | G73: 0.154 | H73: 6 | I73: 384 | J73: =+I73-H73 -> 378 | K73: 20 | L73: 1950 | M73: 1999 | N73: =+L73+(M73-L73)/2 -> 1974.5 | O73: =+M73-L73+1 -> 50 | P73: =+LN(O72:O73) -> 3.912023 | Q73: 20 | R73: 4 | S73: ECM (SUR) | T73: 1 | U73: 1 | V73: 1 | W73: 0 | X73: 0 | Y73: 1 | Z73: 0 | AA73: 0 | AB73: Netherlands | AC73: =IF(AB73="USA",1,IF(AB73="UK",2,IF(AB73="Canada",3,IF(AB73="Germany",4,IF(AB73="Netherlands",5,IF(AB73="India",20,IF(AB73="Indonesia",7,IF(AB73="Korea",8,IF(AB73="Philippines",9,IF(AB73="Taiwan",10,IF(AB73="Greece",11,IF(AB73="Iran",12,IF(AB73="Israel",13,IF(AB73="Kuwait",14,IF(AB73="Lebanon",15,IF(AB73="Saudi Arabia",16,IF(AB73="Turkey",17,IF(AB73="Ethiopia",18,IF(AB73="Kenya",19,IF(AB73="Nigeria",20,IF(AB73="Multinational",6,""))))))))))))))))))))) -> 5 | AD73: =IF(AB73="USA",1,0) -> 0 | AE73: 0 | AF73: 7.601902 | AG73: 3.044523 | AH73: =+F73/G73 -> 0.38961039 | AI73: =AH73/SQRT(AH73^2+J73) -> 0.020035374 | AJ73: =+AI73/AH73 -> 0.051424126 | AK73: =1/AJ73^2 -> 378.1518 | AL73: =1/AJ73 -> 19.446125 | AM73: 0 | AN73: 1 | AO73: 0 | AP73: =1/SQRT(J73) -> 0.05143445 | AQ73: 0 | AR73: 0 | AS73: 0 | AT73: 0 | AU73: 0 | AV73: 0 | AW73: =1/K73 -> 0.05 | AX73: =1/(K73*K73) -> 0.0025
A74: Canton & de Jong (2002) | B74: 2002 | C74: =+IF(A74=A73,C73,C73+1) -> 9 | D74: enrollment | E74: tuition | F74: 0.093 | G74: 0.224 | H74: 6 | I74: 384 | J74: =+I74-H74 -> 378 | K74: 20 | L74: 1950 | M74: 1999 | N74: =+L74+(M74-L74)/2 -> 1974.5 | O74: =+M74-L74+1 -> 50 | P74: =+LN(O73:O74) -> 3.912023 | Q74: 20 | R74: 4 | S74: ECM (SUR) | T74: 1 | U74: 1 | V74: 1 | W74: 0 | X74: 0 | Y74: 1 | Z74: 0 | AA74: 0 | AB74: Netherlands | AC74: =IF(AB74="USA",1,IF(AB74="UK",2,IF(AB74="Canada",3,IF(AB74="Germany",4,IF(AB74="Netherlands",5,IF(AB74="India",20,IF(AB74="Indonesia",7,IF(AB74="Korea",8,IF(AB74="Philippines",9,IF(AB74="Taiwan",10,IF(AB74="Greece",11,IF(AB74="Iran",12,IF(AB74="Israel",13,IF(AB74="Kuwait",14,IF(AB74="Lebanon",15,IF(AB74="Saudi Arabia",16,IF(AB74="Turkey",17,IF(AB74="Ethiopia",18,IF(AB74="Kenya",19,IF(AB74="Nigeria",20,IF(AB74="Multinational",6,""))))))))))))))))))))) -> 5 | AD74: =IF(AB74="USA",1,0) -> 0 | AE74: 0 | AF74: 7.601902 | AG74: 3.044523 | AH74: =+F74/G74 -> 0.41517857 | AI74: =AH74/SQRT(AH74^2+J74) -> 0.021349614 | AJ74: =+AI74/AH74 -> 0.051422727 | AK74: =1/AJ74^2 -> 378.17237 | AL74: =1/AJ74 -> 19.446655 | AM74: 0 | AN74: 1 | AO74: 0 | AP74: =1/SQRT(J74) -> 0.05143445 | AQ74: 0 | AR74: 0 | AS74: 0 | AT74: 0 | AU74: 0 | AV74: 0 | AW74: =1/K74 -> 0.05 | AX74: =1/(K74*K74) -> 0.0025
A75: Chen (2016) | B75: 2016 | C75: =+IF(A75=A74,C74,C74+1) -> 10 | D75: enrollment | E75: tuition | F75: -0.3532 | G75: 0.04772973 | H75: 2 | I75: 13 | J75: =+I75-H75 -> 11 | K75: 4 | L75: 2001 | M75: 2013 | N75: =+L75+(M75-L75)/2 -> 2007 | O75: =+M75-L75+1 -> 13 | P75: =+LN(O74:O75) -> 2.5649494 | Q75: 0 | R75: 0 | S75: OLS | T75: =IF(S75="OLS",0,IF(S75="FE",0,IF(S75="Probit model",0,IF(S75="3SLS",1,IF(S75="Logit",0,IF(S75="2SLS",1,IF(S75="SUR method",1,IF(S75="Modified LS",0,IF(S75="Zenner estimates",1,IF(S75="MLE",0,IF(S75="GLS",0,0))))))))))) -> 0 | U75: 0 | V75: 0 | W75: 0 | X75: 0 | Y75: 1 | Z75: 0 | AA75: 0 | AB75: USA | AC75: =IF(AB75="USA",1,IF(AB75="UK",2,IF(AB75="Canada",3,IF(AB75="Germany",4,IF(AB75="Netherlands",5,IF(AB75="India",20,IF(AB75="Indonesia",7,IF(AB75="Korea",8,IF(AB75="Philippines",9,IF(AB75="Taiwan",10,IF(AB75="Greece",11,IF(AB75="Iran",12,IF(AB75="Israel",13,IF(AB75="Kuwait",14,IF(AB75="Lebanon",15,IF(AB75="Saudi Arabia",16,IF(AB75="Turkey",17,IF(AB75="Ethiopia",18,IF(AB75="Kenya",19,IF(AB75="Nigeria",20,IF(AB75="Multinational",6,""))))))))))))))))))))) -> 1 | AD75: =IF(AB75="USA",1,0) -> 1 | AE75: 1 | AF75: 7.608871 | AG75: 0 | AH75: =+F75/G75 -> -7.4 | AI75: =AH75/SQRT(AH75^2+J75) -> -0.9125377 | AJ75: =+AI75/AH75 -> 0.12331591 | AK75: =1/AJ75^2 -> 65.76 | AL75: =1/AJ75 -> 8.109254 | AM75: 1 | AN75: 0 | AO75: 0 | AP75: =1/SQRT(J75) -> 0.30151134 | AQ75: 1 | AR75: 0 | AS75: 0 | AT75: 0 | AU75: 0 | AV75: 1 | AW75: =1/K75 -> 0.25 | AX75: =1/(K75*K75) -> 0.0625
A76: Chen (2016) | B76: 2016 | C76: =+IF(A76=A75,C75,C75+1) -> 10 | D76: enrollment | E76: tuition | F76: -0.9369 | G76: 0.15308824 | H76: 2 | I76: 13 | J76: =+I76-H76 -> 11 | K76: 4 | L76: 2001 | M76: 2013 | N76: =+L76+(M76-L76)/2 -> 2007 | O76: =+M76-L76+1 -> 13 | P76: =+LN(O75:O76) -> 2.5649494 | Q76: 0 | R76: 0 | S76: OLS | T76: =IF(S76="OLS",0,IF(S76="FE",0,IF(S76="Probit model",0,IF(S76="3SLS",1,IF(S76="Logit",0,IF(S76="2SLS",1,IF(S76="SUR method",1,IF(S76="Modified LS",0,IF(S76="Zenner estimates",1,IF(S76="MLE",0,IF(S76="GLS",0,0))))))))))) -> 0 | U76: 0 | V76: 0 | W76: 0 | X76: 0 | Y76: 1 | Z76: 0 | AA76: 0 | AB76: USA | AC76: =IF(AB76="USA",1,IF(AB76="UK",2,IF(AB76="Canada",3,IF(AB76="Germany",4,IF(AB76="Netherlands",5,IF(AB76="India",20,IF(AB76="Indonesia",7,IF(AB76="Korea",8,IF(AB76="Philippines",9,IF(AB76="Taiwan",10,IF(AB76="Greece",11,IF(AB76="Iran",12,IF(AB76="Israel",13,IF(AB76="Kuwait",14,IF(AB76="Lebanon",15,IF(AB76="Saudi Arabia",16,IF(AB76="Turkey",17,IF(AB76="Ethiopia",18,IF(AB76="Kenya",19,IF(AB76="Nigeria",20,IF(AB76="Multinational",6,""))))))))))))))))))))) -> 1 | AD76: =IF(AB76="USA",1,0) -> 1 | AE76: 1 | AF76: 7.608871 | AG76: 0 | AH76: =+F76/G76 -> -6.12 | AI76: =AH76/SQRT(AH76^2+J76) -> -0.8791942 | AJ76: =+AI76/AH76 -> 0.14365918 | AK76: =1/AJ76^2 -> 48.4544 | AL76: =1/AJ76 -> 6.9609195 | AM76: 1 | AN76: 0 | AO76: 0 | AP76: =1/SQRT(J76) -> 0.30151134 | AQ76: 1 | AR76: 0 | AS76: 0 | AT76: 0 | AU76: 0 | AV76: 1 | AW76: =1/K76 -> 0.25 | AX76: =1/(K76*K76) -> 0.0625
A77: Chen (2016) | B77: 2016 | C77: =+IF(A77=A76,C76,C76+1) -> 10 | D77: enrollment | E77: tuition | F77: -1.0999 | G77: 0.20181651 | H77: 2 | I77: 13 | J77: =+I77-H77 -> 11 | K77: 4 | L77: 2001 | M77: 2013 | N77: =+L77+(M77-L77)/2 -> 2007 | O77: =+M77-L77+1 -> 13 | P77: =+LN(O76:O77) -> 2.5649494 | Q77: 0 | R77: 0 | S77: OLS | T77: =IF(S77="OLS",0,IF(S77="FE",0,IF(S77="Probit model",0,IF(S77="3SLS",1,IF(S77="Logit",0,IF(S77="2SLS",1,IF(S77="SUR method",1,IF(S77="Modified LS",0,IF(S77="Zenner estimates",1,IF(S77="MLE",0,IF(S77="GLS",0,0))))))))))) -> 0 | U77: 0 | V77: 0 | W77: 0 | X77: 0 | Y77: 1 | Z77: 0 | AA77: 0 | AB77: USA | AC77: =IF(AB77="USA",1,IF(AB77="UK",2,IF(AB77="Canada",3,IF(AB77="Germany",4,IF(AB77="Netherlands",5,IF(AB77="India",20,IF(AB77="Indonesia",7,IF(AB77="Korea",8,IF(AB77="Philippines",9,IF(AB77="Taiwan",10,IF(AB77="Greece",11,IF(AB77="Iran",12,IF(AB77="Israel",13,IF(AB77="Kuwait",14,IF(AB77="Lebanon",15,IF(AB77="Saudi Arabia",16,IF(AB77="Turkey",17,IF(AB77="Ethiopia",18,IF(AB77="Kenya",19,IF(AB77="Nigeria",20,IF(AB77="Multinational",6,""))))))))))))))))))))) -> 1 | AD77: =IF(AB77="USA",1,0) -> 1 | AE77: 1 | AF77: 7.608871 | AG77: 0 | AH77: =+F77/G77 -> -5.45 | AI77: =AH77/SQRT(AH77^2+J77) -> -0.85425191 | AJ77: =+AI77/AH77 -> 0.15674347 | AK77: =1/AJ77^2 -> 40.7025 | AL77: =1/AJ77 -> 6.3798511 | AM77: 1 | AN77: 0 | AO77: 0 | AP77: =1/SQRT(J77) -> 0.30151134 | AQ77: 1 | AR77: 0 | AS77: 0 | AT77: 0 | AU77: 0 | AV77: 1 | AW77: =1/K77 -> 0.25 | AX77: =1/(K77*K77) -> 0.0625
A78: Chen (2016) | B78: 2016 | C78: =+IF(A78=A77,C77,C77+1) -> 10 | D78: enrollment | E78: tuition | F78: -1.1017 | G78: 0.16616893 | H78: 2 | I78: 13 | J78: =+I78-H78 -> 11 | K78: 4 | L78: 2001 | M78: 2013 | N78: =+L78+(M78-L78)/2 -> 2007 | O78: =+M78-L78+1 -> 13 | P78: =+LN(O77:O78) -> 2.5649494 | Q78: 0 | R78: 0 | S78: OLS | T78: =IF(S78="OLS",0,IF(S78="FE",0,IF(S78="Probit model",0,IF(S78="3SLS",1,IF(S78="Logit",0,IF(S78="2SLS",1,IF(S78="SUR method",1,IF(S78="Modified LS",0,IF(S78="Zenner estimates",1,IF(S78="MLE",0,IF(S78="GLS",0,0))))))))))) -> 0 | U78: 0 | V78: 0 | W78: 0 | X78: 0 | Y78: 1 | Z78: 0 | AA78: 0 | AB78: USA | AC78: =IF(AB78="USA",1,IF(AB78="UK",2,IF(AB78="Canada",3,IF(AB78="Germany",4,IF(AB78="Netherlands",5,IF(AB78="India",20,IF(AB78="Indonesia",7,IF(AB78="Korea",8,IF(AB78="Philippines",9,IF(AB78="Taiwan",10,IF(AB78="Greece",11,IF(AB78="Iran",12,IF(AB78="Israel",13,IF(AB78="Kuwait",14,IF(AB78="Lebanon",15,IF(AB78="Saudi Arabia",16,IF(AB78="Turkey",17,IF(AB78="Ethiopia",18,IF(AB78="Kenya",19,IF(AB78="Nigeria",20,IF(AB78="Multinational",6,""))))))))))))))))))))) -> 1 | AD78: =IF(AB78="USA",1,0) -> 1 | AE78: 1 | AF78: 7.608871 | AG78: 0 | AH78: =+F78/G78 -> -6.63 | AI78: =AH78/SQRT(AH78^2+J78) -> -0.8943395 | AJ78: =+AI78/AH78 -> 0.13489284 | AK78: =1/AJ78^2 -> 54.9569 | AL78: =1/AJ78 -> 7.4132921 | AM78: 1 | AN78: 0 | AO78: 0 | AP78: =1/SQRT(J78) -> 0.30151134 | AQ78: 1 | AR78: 0 | AS78: 0 | AT78: 0 | AU78: 0 | AV78: 1 | AW78: =1/K78 -> 0.25 | AX78: =1/(K78*K78) -> 0.0625
A79: Cheslock (2001) | B79: 2001 | C79: =+IF(A79=A78,C78,C78+1) -> 11 | D79: enrollment | E79: tuition | F79: -0.0396 | G79: 0.0094 | H79: 13 | I79: 3036 | J79: =+I79-H79 -> 3023 | K79: 16 | L79: 1984 | M79: 1997 | N79: =+L79+(M79-L79)/2 -> 1990.5 | O79: =+M79-L79+1 -> 14 | P79: =+LN(O78:O79) -> 2.6390573 | Q79: 2 | R79: 0 | S79: OLS | T79: =IF(S79="OLS",0,IF(S79="FE",0,IF(S79="Probit model",0,IF(S79="3SLS",1,IF(S79="Logit",0,IF(S79="2SLS",1,IF(S79="SUR method",1,IF(S79="Modified LS",0,IF(S79="Zenner estimates",1,IF(S79="MLE",0,IF(S79="GLS",0,0))))))))))) -> 0 | U79: 0 | V79: 0 | W79: 0 | X79: 0 | Y79: 0 | Z79: 1 | AA79: 0 | AB79: USA | AC79: =IF(AB79="USA",1,IF(AB79="UK",2,IF(AB79="Canada",3,IF(AB79="Germany",4,IF(AB79="Netherlands",5,IF(AB79="India",20,IF(AB79="Indonesia",7,IF(AB79="Korea",8,IF(AB79="Philippines",9,IF(AB79="Taiwan",10,IF(AB79="Greece",11,IF(AB79="Iran",12,IF(AB79="Israel",13,IF(AB79="Kuwait",14,IF(AB79="Lebanon",15,IF(AB79="Saudi Arabia",16,IF(AB79="Turkey",17,IF(AB79="Ethiopia",18,IF(AB79="Kenya",19,IF(AB79="Nigeria",20,IF(AB79="Multinational",6,""))))))))))))))))))))) -> 1 | AD79: =IF(AB79="USA",1,0) -> 1 | AE79: 0 | AF79: 7.601402 | AG79: 1.098612 | AH79: =+F79/G79 -> -4.212766 | AI79: =AH79/SQRT(AH79^2+J79) -> -0.076397151 | AJ79: =+AI79/AH79 -> 0.018134677 | AK79: =1/AJ79^2 -> 3040.7474 | AL79: =1/AJ79 -> 55.142972 | AM79: 1 | AN79: 0 | AO79: 0 | AP79: =1/SQRT(J79) -> 0.018187832 | AQ79: 1 | AR79: 0 | AS79: 0 | AT79: 0 | AU79: 1 | AV79: 0 | AW79: =1/K79 -> 0.0625 | AX79: =1/(K79*K79) -> 0.00390625
A80: Cheslock (2001) | B80: 2001 | C80: =+IF(A80=A79,C79,C79+1) -> 11 | D80: enrollment | E80: tuition | F80: -0.0967 | G80: 0.0349 | H80: 13 | I80: 2341 | J80: =+I80-H80 -> 2328 | K80: 16 | L80: 1984 | M80: 1997 | N80: =+L80+(M80-L80)/2 -> 1990.5 | O80: =+M80-L80+1 -> 14 | P80: =+LN(O79:O80) -> 2.6390573 | Q80: 2 | R80: 0 | S80: OLS | T80: =IF(S80="OLS",0,IF(S80="FE",0,IF(S80="Probit model",0,IF(S80="3SLS",1,IF(S80="Logit",0,IF(S80="2SLS",1,IF(S80="SUR method",1,IF(S80="Modified LS",0,IF(S80="Zenner estimates",1,IF(S80="MLE",0,IF(S80="GLS",0,0))))))))))) -> 0 | U80: 0 | V80: 0 | W80: 0 | X80: 0 | Y80: 0 | Z80: 1 | AA80: 0 | AB80: USA | AC80: =IF(AB80="USA",1,IF(AB80="UK",2,IF(AB80="Canada",3,IF(AB80="Germany",4,IF(AB80="Netherlands",5,IF(AB80="India",20,IF(AB80="Indonesia",7,IF(AB80="Korea",8,IF(AB80="Philippines",9,IF(AB80="Taiwan",10,IF(AB80="Greece",11,IF(AB80="Iran",12,IF(AB80="Israel",13,IF(AB80="Kuwait",14,IF(AB80="Lebanon",15,IF(AB80="Saudi Arabia",16,IF(AB80="Turkey",17,IF(AB80="Ethiopia",18,IF(AB80="Kenya",19,IF(AB80="Nigeria",20,IF(AB80="Multinational",6,""))))))))))))))))))))) -> 1 | AD80: =IF(AB80="USA",1,0) -> 1 | AE80: 0 | AF80: 7.601402 | AG80: 1.098612 | AH80: =+F80/G80 -> -2.7707736 | AI80: =AH80/SQRT(AH80^2+J80) -> -0.057331676 | AJ80: =+AI80/AH80 -> 0.020691577 | AK80: =1/AJ80^2 -> 2335.6772 | AL80: =1/AJ80 -> 48.328844 | AM80: 1 | AN80: 0 | AO80: 0 | AP80: =1/SQRT(J80) -> 0.020725667 | AQ80: 1 | AR80: 0 | AS80: 0 | AT80: 0 | AU80: 0 | AV80: 1 | AW80: =1/K80 -> 0.0625 | AX80: =1/(K80*K80) -> 0.00390625
A81: Cheslock (2001) | B81: 2001 | C81: =+IF(A81=A80,C80,C80+1) -> 11 | D81: enrollment | E81: tuition | F81: 0.0276 | G81: 0.0349 | H81: 11 | I81: 287 | J81: =+I81-H81 -> 276 | K81: 16 | L81: 1984 | M81: 1997 | N81: =+L81+(M81-L81)/2 -> 1990.5 | O81: =+M81-L81+1 -> 14 | P81: =+LN(O80:O81) -> 2.6390573 | Q81: 2 | R81: 0 | S81: OLS | T81: =IF(S81="OLS",0,IF(S81="FE",0,IF(S81="Probit model",0,IF(S81="3SLS",1,IF(S81="Logit",0,IF(S81="2SLS",1,IF(S81="SUR method",1,IF(S81="Modified LS",0,IF(S81="Zenner estimates",1,IF(S81="MLE",0,IF(S81="GLS",0,0))))))))))) -> 0 | U81: 0 | V81: 0 | W81: 0 | X81: 0 | Y81: 0 | Z81: 1 | AA81: 0 | AB81: USA | AC81: =IF(AB81="USA",1,IF(AB81="UK",2,IF(AB81="Canada",3,IF(AB81="Germany",4,IF(AB81="Netherlands",5,IF(AB81="India",20,IF(AB81="Indonesia",7,IF(AB81="Korea",8,IF(AB81="Philippines",9,IF(AB81="Taiwan",10,IF(AB81="Greece",11,IF(AB81="Iran",12,IF(AB81="Israel",13,IF(AB81="Kuwait",14,IF(AB81="Lebanon",15,IF(AB81="Saudi Arabia",16,IF(AB81="Turkey",17,IF(AB81="Ethiopia",18,IF(AB81="Kenya",19,IF(AB81="Nigeria",20,IF(AB81="Multinational",6,""))))))))))))))))))))) -> 1 | AD81: =IF(AB81="USA",1,0) -> 1 | AE81: 0 | AF81: 7.601402 | AG81: 1.098612 | AH81: =+F81/G81 -> 0.79083095 | AI81: =AH81/SQRT(AH81^2+J81) -> 0.047548587 | AJ81: =+AI81/AH81 -> 0.060124844 | AK81: =1/AJ81^2 -> 276.62541 | AL81: =1/AJ81 -> 16.63206 | AM81: 1 | AN81: 0 | AO81: 0 | AP81: =1/SQRT(J81) -> 0.060192927 | AQ81: 1 | AR81: 0 | AS81: 0 | AT81: 0 | AU81: 1 | AV81: 0 | AW81: =1/K81 -> 0.0625 | AX81: =1/(K81*K81) -> 0.00390625
A82: Cheslock (2001) | B82: 2001 | C82: =+IF(A82=A81,C81,C81+1) -> 11 | D82: enrollment | E82: tuition | F82: -0.0396 | G82: 0.0176 | H82: 11 | I82: 1241 | J82: =+I82-H82 -> 1230 | K82: 16 | L82: 1984 | M82: 1997 | N82: =+L82+(M82-L82)/2 -> 1990.5 | O82: =+M82-L82+1 -> 14 | P82: =+LN(O81:O82) -> 2.6390573 | Q82: 2 | R82: 0 | S82: OLS | T82: =IF(S82="OLS",0,IF(S82="FE",0,IF(S82="Probit model",0,IF(S82="3SLS",1,IF(S82="Logit",0,IF(S82="2SLS",1,IF(S82="SUR method",1,IF(S82="Modified LS",0,IF(S82="Zenner estimates",1,IF(S82="MLE",0,IF(S82="GLS",0,0))))))))))) -> 0 | U82: 0 | V82: 0 | W82: 0 | X82: 0 | Y82: 0 | Z82: 1 | AA82: 0 | AB82: USA | AC82: =IF(AB82="USA",1,IF(AB82="UK",2,IF(AB82="Canada",3,IF(AB82="Germany",4,IF(AB82="Netherlands",5,IF(AB82="India",20,IF(AB82="Indonesia",7,IF(AB82="Korea",8,IF(AB82="Philippines",9,IF(AB82="Taiwan",10,IF(AB82="Greece",11,IF(AB82="Iran",12,IF(AB82="Israel",13,IF(AB82="Kuwait",14,IF(AB82="Lebanon",15,IF(AB82="Saudi Arabia",16,IF(AB82="Turkey",17,IF(AB82="Ethiopia",18,IF(AB82="Kenya",19,IF(AB82="Nigeria",20,IF(AB82="Multinational",6,""))))))))))))))))))))) -> 1 | AD82: =IF(AB82="USA",1,0) -> 1 | AE82: 0 | AF82: 7.601402 | AG82: 1.098612 | AH82: =+F82/G82 -> -2.25 | AI82: =AH82/SQRT(AH82^2+J82) -> -0.064023299 | AJ82: =+AI82/AH82 -> 0.0284548 | AK82: =1/AJ82^2 -> 1235.0625 | AL82: =1/AJ82 -> 35.143456 | AM82: 1 | AN82: 0 | AO82: 0 | AP82: =1/SQRT(J82) -> 0.028513297 | AQ82: 1 | AR82: 0 | AS82: 0 | AT82: 0 | AU82: 1 | AV82: 0 | AW82: =1/K82 -> 0.0625 | AX82: =1/(K82*K82) -> 0.00390625
A83: Cheslock (2001) | B83: 2001 | C83: =+IF(A83=A82,C82,C82+1) -> 11 | D83: enrollment | E83: tuition | F83: -0.034 | G83: 0.0121 | H83: 11 | I83: 1508 | J83: =+I83-H83 -> 1497 | K83: 16 | L83: 1984 | M83: 1997 | N83: =+L83+(M83-L83)/2 -> 1990.5 | O83: =+M83-L83+1 -> 14 | P83: =+LN(O82:O83) -> 2.6390573 | Q83: 2 | R83: 0 | S83: OLS | T83: =IF(S83="OLS",0,IF(S83="FE",0,IF(S83="Probit model",0,IF(S83="3SLS",1,IF(S83="Logit",0,IF(S83="2SLS",1,IF(S83="SUR method",1,IF(S83="Modified LS",0,IF(S83="Zenner estimates",1,IF(S83="MLE",0,IF(S83="GLS",0,0))))))))))) -> 0 | U83: 0 | V83: 0 | W83: 0 | X83: 0 | Y83: 0 | Z83: 1 | AA83: 0 | AB83: USA | AC83: =IF(AB83="USA",1,IF(AB83="UK",2,IF(AB83="Canada",3,IF(AB83="Germany",4,IF(AB83="Netherlands",5,IF(AB83="India",20,IF(AB83="Indonesia",7,IF(AB83="Korea",8,IF(AB83="Philippines",9,IF(AB83="Taiwan",10,IF(AB83="Greece",11,IF(AB83="Iran",12,IF(AB83="Israel",13,IF(AB83="Kuwait",14,IF(AB83="Lebanon",15,IF(AB83="Saudi Arabia",16,IF(AB83="Turkey",17,IF(AB83="Ethiopia",18,IF(AB83="Kenya",19,IF(AB83="Nigeria",20,IF(AB83="Multinational",6,""))))))))))))))))))))) -> 1 | AD83: =IF(AB83="USA",1,0) -> 1 | AE83: 0 | AF83: 7.601402 | AG83: 1.098612 | AH83: =+F83/G83 -> -2.8099174 | AI83: =AH83/SQRT(AH83^2+J83) -> -0.072433648 | AJ83: =+AI83/AH83 -> 0.025777857 | AK83: =1/AJ83^2 -> 1504.8956 | AL83: =1/AJ83 -> 38.792984 | AM83: 1 | AN83: 0 | AO83: 0 | AP83: =1/SQRT(J83) -> 0.025845748 | AQ83: 1 | AR83: 0 | AS83: 0 | AT83: 0 | AU83: 1 | AV83: 0 | AW83: =1/K83 -> 0.0625 | AX83: =1/(K83*K83) -> 0.00390625
A84: Cheslock (2001) | B84: 2001 | C84: =+IF(A84=A83,C83,C83+1) -> 11 | D84: enrollment | E84: tuition | F84: -0.0298 | G84: 0.0775 | H84: 11 | I84: 622 | J84: =+I84-H84 -> 611 | K84: 16 | L84: 1984 | M84: 1997 | N84: =+L84+(M84-L84)/2 -> 1990.5 | O84: =+M84-L84+1 -> 14 | P84: =+LN(O83:O84) -> 2.6390573 | Q84: 2 | R84: 0 | S84: OLS | T84: =IF(S84="OLS",0,IF(S84="FE",0,IF(S84="Probit model",0,IF(S84="3SLS",1,IF(S84="Logit",0,IF(S84="2SLS",1,IF(S84="SUR method",1,IF(S84="Modified LS",0,IF(S84="Zenner estimates",1,IF(S84="MLE",0,IF(S84="GLS",0,0))))))))))) -> 0 | U84: 0 | V84: 0 | W84: 0 | X84: 0 | Y84: 0 | Z84: 1 | AA84: 0 | AB84: USA | AC84: =IF(AB84="USA",1,IF(AB84="UK",2,IF(AB84="Canada",3,IF(AB84="Germany",4,IF(AB84="Netherlands",5,IF(AB84="India",20,IF(AB84="Indonesia",7,IF(AB84="Korea",8,IF(AB84="Philippines",9,IF(AB84="Taiwan",10,IF(AB84="Greece",11,IF(AB84="Iran",12,IF(AB84="Israel",13,IF(AB84="Kuwait",14,IF(AB84="Lebanon",15,IF(AB84="Saudi Arabia",16,IF(AB84="Turkey",17,IF(AB84="Ethiopia",18,IF(AB84="Kenya",19,IF(AB84="Nigeria",20,IF(AB84="Multinational",6,""))))))))))))))))))))) -> 1 | AD84: =IF(AB84="USA",1,0) -> 1 | AE84: 0 | AF84: 7.601402 | AG84: 1.098612 | AH84: =+F84/G84 -> -0.38451613 | AI84: =AH84/SQRT(AH84^2+J84) -> -0.015553976 | AJ84: =+AI84/AH84 -> 0.040450776 | AK84: =1/AJ84^2 -> 611.14785 | AL84: =1/AJ84 -> 24.721405 | AM84: 1 | AN84: 0 | AO84: 0 | AP84: =1/SQRT(J84) -> 0.04045567 | AQ84: 1 | AR84: 0 | AS84: 0 | AT84: 0 | AU84: 0 | AV84: 1 | AW84: =1/K84 -> 0.0625 | AX84: =1/(K84*K84) -> 0.00390625
A85: Cheslock (2001) | B85: 2001 | C85: =+IF(A85=A84,C84,C84+1) -> 11 | D85: enrollment | E85: tuition | F85: -0.0049 | G85: 0.0458 | H85: 11 | I85: 1180 | J85: =+I85-H85 -> 1169 | K85: 16 | L85: 1984 | M85: 1997 | N85: =+L85+(M85-L85)/2 -> 1990.5 | O85: =+M85-L85+1 -> 14 | P85: =+LN(O84:O85) -> 2.6390573 | Q85: 2 | R85: 0 | S85: OLS | T85: =IF(S85="OLS",0,IF(S85="FE",0,IF(S85="Probit model",0,IF(S85="3SLS",1,IF(S85="Logit",0,IF(S85="2SLS",1,IF(S85="SUR method",1,IF(S85="Modified LS",0,IF(S85="Zenner estimates",1,IF(S85="MLE",0,IF(S85="GLS",0,0))))))))))) -> 0 | U85: 0 | V85: 0 | W85: 0 | X85: 0 | Y85: 0 | Z85: 1 | AA85: 0 | AB85: USA | AC85: =IF(AB85="USA",1,IF(AB85="UK",2,IF(AB85="Canada",3,IF(AB85="Germany",4,IF(AB85="Netherlands",5,IF(AB85="India",20,IF(AB85="Indonesia",7,IF(AB85="Korea",8,IF(AB85="Philippines",9,IF(AB85="Taiwan",10,IF(AB85="Greece",11,IF(AB85="Iran",12,IF(AB85="Israel",13,IF(AB85="Kuwait",14,IF(AB85="Lebanon",15,IF(AB85="Saudi Arabia",16,IF(AB85="Turkey",17,IF(AB85="Ethiopia",18,IF(AB85="Kenya",19,IF(AB85="Nigeria",20,IF(AB85="Multinational",6,""))))))))))))))))))))) -> 1 | AD85: =IF(AB85="USA",1,0) -> 1 | AE85: 0 | AF85: 7.601402 | AG85: 1.098612 | AH85: =+F85/G85 -> -0.1069869 | AI85: =AH85/SQRT(AH85^2+J85) -> -0.0031291128 | AJ85: =+AI85/AH85 -> 0.029247626 | AK85: =1/AJ85^2 -> 1169.0114 | AL85: =1/AJ85 -> 34.190809 | AM85: 1 | AN85: 0 | AO85: 0 | AP85: =1/SQRT(J85) -> 0.029247769 | AQ85: 1 | AR85: 0 | AS85: 0 | AT85: 0 | AU85: 0 | AV85: 1 | AW85: =1/K85 -> 0.0625 | AX85: =1/(K85*K85) -> 0.00390625
A86: Cheslock (2001) | B86: 2001 | C86: =+IF(A86=A85,C85,C85+1) -> 11 | D86: enrollment | E86: tuition | F86: -0.1784 | G86: 0.0633 | H86: 11 | I86: 539 | J86: =+I86-H86 -> 528 | K86: 16 | L86: 1984 | M86: 1997 | N86: =+L86+(M86-L86)/2 -> 1990.5 | O86: =+M86-L86+1 -> 14 | P86: =+LN(O85:O86) -> 2.6390573 | Q86: 2 | R86: 0 | S86: OLS | T86: =IF(S86="OLS",0,IF(S86="FE",0,IF(S86="Probit model",0,IF(S86="3SLS",1,IF(S86="Logit",0,IF(S86="2SLS",1,IF(S86="SUR method",1,IF(S86="Modified LS",0,IF(S86="Zenner estimates",1,IF(S86="MLE",0,IF(S86="GLS",0,0))))))))))) -> 0 | U86: 0 | V86: 0 | W86: 0 | X86: 0 | Y86: 0 | Z86: 1 | AA86: 0 | AB86: USA | AC86: =IF(AB86="USA",1,IF(AB86="UK",2,IF(AB86="Canada",3,IF(AB86="Germany",4,IF(AB86="Netherlands",5,IF(AB86="India",20,IF(AB86="Indonesia",7,IF(AB86="Korea",8,IF(AB86="Philippines",9,IF(AB86="Taiwan",10,IF(AB86="Greece",11,IF(AB86="Iran",12,IF(AB86="Israel",13,IF(AB86="Kuwait",14,IF(AB86="Lebanon",15,IF(AB86="Saudi Arabia",16,IF(AB86="Turkey",17,IF(AB86="Ethiopia",18,IF(AB86="Kenya",19,IF(AB86="Nigeria",20,IF(AB86="Multinational",6,""))))))))))))))))))))) -> 1 | AD86: =IF(AB86="USA",1,0) -> 1 | AE86: 0 | AF86: 7.601402 | AG86: 1.098612 | AH86: =+F86/G86 -> -2.8183254 | AI86: =AH86/SQRT(AH86^2+J86) -> -0.1217396 | AJ86: =+AI86/AH86 -> 0.04319572 | AK86: =1/AJ86^2 -> 535.94296 | AL86: =1/AJ86 -> 23.150442 | AM86: 1 | AN86: 0 | AO86: 0 | AP86: =1/SQRT(J86) -> 0.043519414 | AQ86: 1 | AR86: 0 | AS86: 0 | AT86: 0 | AU86: 0 | AV86: 1 | AW86: =1/K86 -> 0.0625 | AX86: =1/(K86*K86) -> 0.00390625
... A100: Chressanthis (1986) | B100: 1986 | C100: =+IF(A100=A99,C99,C99+1) -> 12 | D100: enrollment | E100: tuition | F100: -0.589 | G100: 0.16732955 | H100: 6 | I100: 35 | J100: =+I100-H100 -> 29 | K100: 6 | L100: 1964 | M100: 1983 | N100: =+L100+(M100-L100)/2 -> 1973.5 | O100: =+M100-L100+1 -> 20 | P100: =+LN(O99:O100) -> 2.9957323 | Q100: 17 | R100: 4 | S100: OLS | T100: =IF(S100="OLS",0,IF(S100="FE",0,IF(S100="Probit model",0,IF(S100="3SLS",1,IF(S100="Logit",0,IF(S100="2SLS",1,IF(S100="SUR method",1,IF(S100="Modified LS",0,IF(S100="Zenner estimates",1,IF(S100="MLE",0,IF(S100="GLS",0,0))))))))))) -> 0 | U100: 0 | V100: 1 | W100: 0 | X100: 0 | Y100: 1 | Z100: 0 | AA100: 0 | AB100: USA | AC100: =IF(AB100="USA",1,IF(AB100="UK",2,IF(AB100="Canada",3,IF(AB100="Germany",4,IF(AB100="Netherlands",5,IF(AB100="India",20,IF(AB100="Indonesia",7,IF(AB100="Korea",8,IF(AB100="Philippines",9,IF(AB100="Taiwan",10,IF(AB100="Greece",11,IF(AB100="Iran",12,IF(AB100="Israel",13,IF(AB100="Kuwait",14,IF(AB100="Lebanon",15,IF(AB100="Saudi Arabia",16,IF(AB100="Turkey",17,IF(AB100="Ethiopia",18,IF(AB100="Kenya",19,IF(AB100="Nigeria",20,IF(AB100="Multinational",6,""))))))))))))))))))))) -> 1 | AD100: =IF(AB100="USA",1,0) -> 1 | AE100: 1 | AF100: 7.593878 | AG100: 2.890372 | AH100: =+F100/G100 -> -3.52 | AI100: =AH100/SQRT(AH100^2+J100) -> -0.54713293 | AJ100: =+AI100/AH100 -> 0.15543549 | AK100: =1/AJ100^2 -> 41.3904 | AL100: =1/AJ100 -> 6.4335371 | AM100: 0 | AN100: 1 | AO100: 0 | AP100: =1/SQRT(J100) -> 0.18569534 | AQ100: 1 | AR100: 0 | AS100: 0 | AT100: 0 | AU100: 0 | AV100: 0 | AW100: =1/K100 -> 0.16666667 | AX100: =1/(K100*K100) -> 0.027777778
A101: Coelli (2009) | B101: 2009 | C101: =+IF(A101=A100,C100,C100+1) -> 13 | D101: enrollment | E101: tuition | F101: -0.012 | G101: 0.037 | H101: 3 | I101: 2606 | J101: =+I101-H101 -> 2603 | K101: 4 | L101: 1993 | M101: 2003 | N101: =+L101+(M101-L101)/2 -> 1998 | O101: =+M101-L101+1 -> 11 | P101: =+LN(O100:O101) -> 2.3978953 | Q101: 50 | R101: 6 | S101: OLS | T101: 1 | U101: 0 | V101: 0 | W101: 0 | X101: 0 | Y101: 1 | Z101: 0 | AA101: 0 | AB101: Canada | AC101: =IF(AB101="USA",1,IF(AB101="UK",2,IF(AB101="Canada",3,IF(AB101="Germany",4,IF(AB101="Netherlands",5,IF(AB101="India",20,IF(AB101="Indonesia",7,IF(AB101="Korea",8,IF(AB101="Philippines",9,IF(AB101="Taiwan",10,IF(AB101="Greece",11,IF(AB101="Iran",12,IF(AB101="Israel",13,IF(AB101="Kuwait",14,IF(AB101="Lebanon",15,IF(AB101="Saudi Arabia",16,IF(AB101="Turkey",17,IF(AB101="Ethiopia",18,IF(AB101="Kenya",19,IF(AB101="Nigeria",20,IF(AB101="Multinational",6,""))))))))))))))))))))) -> 3 | AD101: =IF(AB101="USA",1,0) -> 0 | AE101: 1 | AF101: 7.605392 | AG101: 3.931826 | AH101: =+F101/G101 -> -0.32432432 | AI101: =AH101/SQRT(AH101^2+J101) -> -0.0063567285 | AJ101: =+AI101/AH101 -> 0.019599913 | AK101: =1/AJ101^2 -> 2603.1052 | AL101: =1/AJ101 -> 51.020635 | AM101: 0 | AN101: 1 | AO101: 0 | AP101: =1/SQRT(J101) -> 0.019600309 | AQ101: 1 | AR101: 0 | AS101: 0 | AT101: 0 | AU101: 0 | AV101: 1 | AW101: =1/K101 -> 0.25 | AX101: =1/(K101*K101) -> 0.0625
A102: Coelli (2009) | B102: 2009 | C102: =+IF(A102=A101,C101,C101+1) -> 13 | D102: enrollment | E102: tuition | F102: -0.01 | G102: 0.033 | H102: 5 | I102: 2606 | J102: =+I102-H102 -> 2601 | K102: 4 | L102: 1993 | M102: 2003 | N102: =+L102+(M102-L102)/2 -> 1998 | O102: =+M102-L102+1 -> 11 | P102: =+LN(O101:O102) -> 2.3978953 | Q102: 50 | R102: 6 | S102: OLS | T102: 1 | U102: 0 | V102: 0 | W102: 0 | X102: 0 | Y102: 1 | Z102: 0 | AA102: 0 | AB102: Canada | AC102: =IF(AB102="USA",1,IF(AB102="UK",2,IF(AB102="Canada",3,IF(AB102="Germany",4,IF(AB102="Netherlands",5,IF(AB102="India",20,IF(AB102="Indonesia",7,IF(AB102="Korea",8,IF(AB102="Philippines",9,IF(AB102="Taiwan",10,IF(AB102="Greece",11,IF(AB102="Iran",12,IF(AB102="Israel",13,IF(AB102="Kuwait",14,IF(AB102="Lebanon",15,IF(AB102="Saudi Arabia",16,IF(AB102="Turkey",17,IF(AB102="Ethiopia",18,IF(AB102="Kenya",19,IF(AB102="Nigeria",20,IF(AB102="Multinational",6,""))))))))))))))))))))) -> 3 | AD102: =IF(AB102="USA",1,0) -> 0 | AE102: 1 | AF102: 7.605392 | AG102: 3.931826 | AH102: =+F102/G102 -> -0.3030303 | AI102: =AH102/SQRT(AH102^2+J102) -> -0.0059416658 | AJ102: =+AI102/AH102 -> 0.019607497 | AK102: =1/AJ102^2 -> 2601.0918 | AL102: =1/AJ102 -> 51.0009 | AM102: 0 | AN102: 1 | AO102: 0 | AP102: =1/SQRT(J102) -> 0.019607843 | AQ102: 1 | AR102: 0 | AS102: 0 | AT102: 0 | AU102: 0 | AV102: 1 | AW102: =1/K102 -> 0.25 | AX102: =1/(K102*K102) -> 0.0625
A103: Coelli (2009) | B103: 2009 | C103: =+IF(A103=A102,C102,C102+1) -> 13 | D103: enrollment | E103: tuition | F103: -0.011 | G103: 0.039 | H103: 17 | I103: 2606 | J103: =+I103-H103 -> 2589 | K103: 4 | L103: 1993 | M103: 2003 | N103: =+L103+(M103-L103)/2 -> 1998 | O103: =+M103-L103+1 -> 11 | P103: =+LN(O102:O103) -> 2.3978953 | Q103: 50 | R103: 6 | S103: OLS | T103: 1 | U103: 0 | V103: 0 | W103: 0 | X103: 0 | Y103: 1 | Z103: 0 | AA103: 0 | AB103: Canada | AC103: =IF(AB103="USA",1,IF(AB103="UK",2,IF(AB103="Canada",3,IF(AB103="Germany",4,IF(AB103="Netherlands",5,IF(AB103="India",20,IF(AB103="Indonesia",7,IF(AB103="Korea",8,IF(AB103="Philippines",9,IF(AB103="Taiwan",10,IF(AB103="Greece",11,IF(AB103="Iran",12,IF(AB103="Israel",13,IF(AB103="Kuwait",14,IF(AB103="Lebanon",15,IF(AB103="Saudi Arabia",16,IF(AB103="Turkey",17,IF(AB103="Ethiopia",18,IF(AB103="Kenya",19,IF(AB103="Nigeria",20,IF(AB103="Multinational",6,""))))))))))))))))))))) -> 3 | AD103: =IF(AB103="USA",1,0) -> 0 | AE103: 1 | AF103: 7.605392 | AG103: 3.931826 | AH103: =+F103/G103 -> -0.28205128 | AI103: =AH103/SQRT(AH103^2+J103) -> -0.005543134 | AJ103: =+AI103/AH103 -> 0.01965293 | AK103: =1/AJ103^2 -> 2589.0796 | AL103: =1/AJ103 -> 50.882999 | AM103: 0 | AN103: 1 | AO103: 0 | AP103: =1/SQRT(J103) -> 0.019653232 | AQ103: 1 | AR103: 0 | AS103: 0 | AT103: 0 | AU103: 0 | AV103: 1 | AW103: =1/K103 -> 0.25 | AX103: =1/(K103*K103) -> 0.0625
A104: Coelli (2009) | B104: 2009 | C104: =+IF(A104=A103,C103,C103+1) -> 13 | D104: enrollment | E104: tuition | F104: -0.004 | G104: 0.033 | H104: 19 | I104: 2606 | J104: =+I104-H104 -> 2587 | K104: 4 | L104: 1993 | M104: 2003 | N104: =+L104+(M104-L104)/2 -> 1998 | O104: =+M104-L104+1 -> 11 | P104: =+LN(O103:O104) -> 2.3978953 | Q104: 50 | R104: 6 | S104: OLS | T104: 1 | U104: 0 | V104: 0 | W104: 0 | X104: 0 | Y104: 1 | Z104: 0 | AA104: 0 | AB104: Canada | AC104: =IF(AB104="USA",1,IF(AB104="UK",2,IF(AB104="Canada",3,IF(AB104="Germany",4,IF(AB104="Netherlands",5,IF(AB104="India",20,IF(AB104="Indonesia",7,IF(AB104="Korea",8,IF(AB104="Philippines",9,IF(AB104="Taiwan",10,IF(AB104="Greece",11,IF(AB104="Iran",12,IF(AB104="Israel",13,IF(AB104="Kuwait",14,IF(AB104="Lebanon",15,IF(AB104="Saudi Arabia",16,IF(AB104="Turkey",17,IF(AB104="Ethiopia",18,IF(AB104="Kenya",19,IF(AB104="Nigeria",20,IF(AB104="Multinational",6,""))))))))))))))))))))) -> 3 | AD104: =IF(AB104="USA",1,0) -> 0 | AE104: 1 | AF104: 7.605392 | AG104: 3.931826 | AH104: =+F104/G104 -> -0.12121212 | AI104: =AH104/SQRT(AH104^2+J104) -> -0.0023831238 | AJ104: =+AI104/AH104 -> 0.019660771 | AK104: =1/AJ104^2 -> 2587.0147 | AL104: =1/AJ104 -> 50.862704 | AM104: 0 | AN104: 1 | AO104: 0 | AP104: =1/SQRT(J104) -> 0.019660827 | AQ104: 1 | AR104: 0 | AS104: 0 | AT104: 0 | AU104: 0 | AV104: 1 | AW104: =1/K104 -> 0.25 | AX104: =1/(K104*K104) -> 0.0625
A105: Craft et al. (2012) | B105: 2012 | C105: =+IF(A105=A104,C104,C104+1) -> 14 | D105: enrollment | E105: tuition | F105: 0.019 | G105: 0.008 | H105: 22 | I105: 299 | J105: =+I105-H105 -> 277 | K105: 5 | L105: 1979 | M105: 2002 | N105: =+L105+(M105-L105)/2 -> 1990.5 | O105: =+M105-L105+1-1 -> 23 | P105: =+LN(O104:O105) -> 3.1354942 | Q105: 0 | R105: 0 | S105: OLS | T105: =IF(S105="OLS",0,IF(S105="FE",0,IF(S105="Probit model",0,IF(S105="3SLS",1,IF(S105="Logit",0,IF(S105="2SLS",1,IF(S105="SUR method",1,IF(S105="Modified LS",0,IF(S105="Zenner estimates",1,IF(S105="MLE",0,IF(S105="GLS",0,0))))))))))) -> 0 | U105: 1 | V105: 1 | W105: 0 | X105: 0 | Y105: 0 | Z105: 1 | AA105: 0 | AB105: USA | AC105: =IF(AB105="USA",1,IF(AB105="UK",2,IF(AB105="Canada",3,IF(AB105="Germany",4,IF(AB105="Netherlands",5,IF(AB105="India",20,IF(AB105="Indonesia",7,IF(AB105="Korea",8,IF(AB105="Philippines",9,IF(AB105="Taiwan",10,IF(AB105="Greece",11,IF(AB105="Iran",12,IF(AB105="Israel",13,IF(AB105="Kuwait",14,IF(AB105="Lebanon",15,IF(AB105="Saudi Arabia",16,IF(AB105="Turkey",17,IF(AB105="Ethiopia",18,IF(AB105="Kenya",19,IF(AB105="Nigeria",20,IF(AB105="Multinational",6,""))))))))))))))))))))) -> 1 | AD105: =IF(AB105="USA",1,0) -> 1 | AE105: 0 | AF105: 7.606884 | AG105: 0 | AH105: =+F105/G105 -> 2.375 | AI105: =AH105/SQRT(AH105^2+J105) -> 0.14126882 | AJ105: =+AI105/AH105 -> 0.059481609 | AK105: =1/AJ105^2 -> 282.64062 | AL105: =1/AJ105 -> 16.811919 | AM105: 0 | AN105: 1 | AO105: 0 | AP105: =1/SQRT(J105) -> 0.060084177 | AQ105: 1 | AR105: 0 | AS105: 0 | AT105: 0 | AU105: 0 | AV105: 1 | AW105: =1/K105 -> 0.2 | AX105: =1/(K105*K105) -> 0.04
A106: Craft et al. (2012) | B106: 2012 | C106: =+IF(A106=A105,C105,C105+1) -> 14 | D106: enrollment | E106: tuition | F106: 0.026 | G106: 0.007 | H106: 22 | I106: 299 | J106: =+I106-H106 -> 277 | K106: 5 | L106: 1979 | M106: 2002 | N106: =+L106+(M106-L106)/2 -> 1990.5 | O106: =+M106-L106+1-1 -> 23 | P106: =+LN(O105:O106) -> 3.1354942 | Q106: 0 | R106: 0 | S106: OLS | T106: =IF(S106="OLS",0,IF(S106="FE",0,IF(S106="Probit model",0,IF(S106="3SLS",1,IF(S106="Logit",0,IF(S106="2SLS",1,IF(S106="SUR method",1,IF(S106="Modified LS",0,IF(S106="Zenner estimates",1,IF(S106="MLE",0,IF(S106="GLS",0,0))))))))))) -> 0 | U106: 1 | V106: 1 | W106: 0 | X106: 0 | Y106: 0 | Z106: 1 | AA106: 0 | AB106: USA | AC106: =IF(AB106="USA",1,IF(AB106="UK",2,IF(AB106="Canada",3,IF(AB106="Germany",4,IF(AB106="Netherlands",5,IF(AB106="India",20,IF(AB106="Indonesia",7,IF(AB106="Korea",8,IF(AB106="Philippines",9,IF(AB106="Taiwan",10,IF(AB106="Greece",11,IF(AB106="Iran",12,IF(AB106="Israel",13,IF(AB106="Kuwait",14,IF(AB106="Lebanon",15,IF(AB106="Saudi Arabia",16,IF(AB106="Turkey",17,IF(AB106="Ethiopia",18,IF(AB106="Kenya",19,IF(AB106="Nigeria",20,IF(AB106="Multinational",6,""))))))))))))))))))))) -> 1 | AD106: =IF(AB106="USA",1,0) -> 1 | AE106: 0 | AF106: 7.606884 | AG106: 0 | AH106: =+F106/G106 -> 3.7142857 | AI106: =AH106/SQRT(AH106^2+J106) -> 0.21781167 | AJ106: =+AI106/AH106 -> 0.058641605 | AK106: =1/AJ106^2 -> 290.79592 | AL106: =1/AJ106 -> 17.052739 | AM106: 0 | AN106: 1 | AO106: 0 | AP106: =1/SQRT(J106) -> 0.060084177 | AQ106: 1 | AR106: 0 | AS106: 0 | AT106: 0 | AU106: 0 | AV106: 1 | AW106: =1/K106 -> 0.2 | AX106: =1/(K106*K106) -> 0.04
A107: Craft et al. (2012) | B107: 2012 | C107: =+IF(A107=A106,C106,C106+1) -> 14 | D107: enrollment | E107: tuition | F107: -0.003 | G107: 0.007 | H107: 22 | I107: 299 | J107: =+I107-H107 -> 277 | K107: 5 | L107: 1979 | M107: 2002 | N107: =+L107+(M107-L107)/2 -> 1990.5 | O107: =+M107-L107+1-1 -> 23 | P107: =+LN(O106:O107) -> 3.1354942 | Q107: 0 | R107: 0 | S107: OLS | T107: =IF(S107="OLS",0,IF(S107="FE",0,IF(S107="Probit model",0,IF(S107="3SLS",1,IF(S107="Logit",0,IF(S107="2SLS",1,IF(S107="SUR method",1,IF(S107="Modified LS",0,IF(S107="Zenner estimates",1,IF(S107="MLE",0,IF(S107="GLS",0,0))))))))))) -> 0 | U107: 1 | V107: 1 | W107: 0 | X107: 0 | Y107: 0 | Z107: 1 | AA107: 0 | AB107: USA | AC107: =IF(AB107="USA",1,IF(AB107="UK",2,IF(AB107="Canada",3,IF(AB107="Germany",4,IF(AB107="Netherlands",5,IF(AB107="India",20,IF(AB107="Indonesia",7,IF(AB107="Korea",8,IF(AB107="Philippines",9,IF(AB107="Taiwan",10,IF(AB107="Greece",11,IF(AB107="Iran",12,IF(AB107="Israel",13,IF(AB107="Kuwait",14,IF(AB107="Lebanon",15,IF(AB107="Saudi Arabia",16,IF(AB107="Turkey",17,IF(AB107="Ethiopia",18,IF(AB107="Kenya",19,IF(AB107="Nigeria",20,IF(AB107="Multinational",6,""))))))))))))))))))))) -> 1 | AD107: =IF(AB107="USA",1,0) -> 1 | AE107: 0 | AF107: 7.606884 | AG107: 0 | AH107: =+F107/G107 -> -0.42857143 | AI107: =AH107/SQRT(AH107^2+J107) -> -0.025741828 | AJ107: =+AI107/AH107 -> 0.060064266 | AK107: =1/AJ107^2 -> 277.18367 | AL107: =1/AJ107 -> 16.648834 | AM107: 0 | AN107: 1 | AO107: 0 | AP107: =1/SQRT(J107) -> 0.060084177 | AQ107: 1 | AR107: 0 | AS107: 0 | AT107: 0 | AU107: 0 | AV107: 1 | AW107: =1/K107 -> 0.2 | AX107: =1/(K107*K107) -> 0.04
A108: Craft et al. (2012) | B108: 2012 | C108: =+IF(A108=A107,C107,C107+1) -> 14 | D108: enrollment | E108: tuition | F108: -0.004 | G108: 0.011 | H108: 22 | I108: 299 | J108: =+I108-H108 -> 277 | K108: 5 | L108: 1979 | M108: 2002 | N108: =+L108+(M108-L108)/2 -> 1990.5 | O108: =+M108-L108+1-1 -> 23 | P108: =+LN(O107:O108) -> 3.1354942 | Q108: 0 | R108: 0 | S108: OLS | T108: =IF(S108="OLS",0,IF(S108="FE",0,IF(S108="Probit model",0,IF(S108="3SLS",1,IF(S108="Logit",0,IF(S108="2SLS",1,IF(S108="SUR method",1,IF(S108="Modified LS",0,IF(S108="Zenner estimates",1,IF(S108="MLE",0,IF(S108="GLS",0,0))))))))))) -> 0 | U108: 1 | V108: 1 | W108: 0 | X108: 0 | Y108: 0 | Z108: 1 | AA108: 0 | AB108: USA | AC108: =IF(AB108="USA",1,IF(AB108="UK",2,IF(AB108="Canada",3,IF(AB108="Germany",4,IF(AB108="Netherlands",5,IF(AB108="India",20,IF(AB108="Indonesia",7,IF(AB108="Korea",8,IF(AB108="Philippines",9,IF(AB108="Taiwan",10,IF(AB108="Greece",11,IF(AB108="Iran",12,IF(AB108="Israel",13,IF(AB108="Kuwait",14,IF(AB108="Lebanon",15,IF(AB108="Saudi Arabia",16,IF(AB108="Turkey",17,IF(AB108="Ethiopia",18,IF(AB108="Kenya",19,IF(AB108="Nigeria",20,IF(AB108="Multinational",6,""))))))))))))))))))))) -> 1 | AD108: =IF(AB108="USA",1,0) -> 1 | AE108: 0 | AF108: 7.606884 | AG108: 0 | AH108: =+F108/G108 -> -0.36363636 | AI108: =AH108/SQRT(AH108^2+J108) -> -0.021843578 | AJ108: =+AI108/AH108 -> 0.060069841 | AK108: =1/AJ108^2 -> 277.13223 | AL108: =1/AJ108 -> 16.647289 | AM108: 0 | AN108: 1 | AO108: 0 | AP108: =1/SQRT(J108) -> 0.060084177 | AQ108: 1 | AR108: 0 | AS108: 0 | AT108: 0 | AU108: 0 | AV108: 1 | AW108: =1/K108 -> 0.2 | AX108: =1/(K108*K108) -> 0.04
A109: Craft et al. (2012) | B109: 2012 | C109: =+IF(A109=A108,C108,C108+1) -> 14 | D109: enrollment | E109: tuition | F109: 0.012 | G109: 0.013 | H109: 22 | I109: 299 | J109: =+I109-H109 -> 277 | K109: 5 | L109: 1979 | M109: 2002 | N109: =+L109+(M109-L109)/2 -> 1990.5 | O109: =+M109-L109+1-1 -> 23 | P109: =+LN(O108:O109) -> 3.1354942 | Q109: 0 | R109: 0 | S109: OLS | T109: =IF(S109="OLS",0,IF(S109="FE",0,IF(S109="Probit model",0,IF(S109="3SLS",1,IF(S109="Logit",0,IF(S109="2SLS",1,IF(S109="SUR method",1,IF(S109="Modified LS",0,IF(S109="Zenner estimates",1,IF(S109="MLE",0,IF(S109="GLS",0,0))))))))))) -> 0 | U109: 1 | V109: 1 | W109: 0 | X109: 0 | Y109: 0 | Z109: 1 | AA109: 0 | AB109: USA | AC109: =IF(AB109="USA",1,IF(AB109="UK",2,IF(AB109="Canada",3,IF(AB109="Germany",4,IF(AB109="Netherlands",5,IF(AB109="India",20,IF(AB109="Indonesia",7,IF(AB109="Korea",8,IF(AB109="Philippines",9,IF(AB109="Taiwan",10,IF(AB109="Greece",11,IF(AB109="Iran",12,IF(AB109="Israel",13,IF(AB109="Kuwait",14,IF(AB109="Lebanon",15,IF(AB109="Saudi Arabia",16,IF(AB109="Turkey",17,IF(AB109="Ethiopia",18,IF(AB109="Kenya",19,IF(AB109="Nigeria",20,IF(AB109="Multinational",6,""))))))))))))))))))))) -> 1 | AD109: =IF(AB109="USA",1,0) -> 1 | AE109: 0 | AF109: 7.606884 | AG109: 0 | AH109: =+F109/G109 -> 0.92307692 | AI109: =AH109/SQRT(AH109^2+J109) -> 0.05537721 | AJ109: =+AI109/AH109 -> 0.059991978 | AK109: =1/AJ109^2 -> 277.85207 | AL109: =1/AJ109 -> 16.668895 | AM109: 0 | AN109: 1 | AO109: 0 | AP109: =1/SQRT(J109) -> 0.060084177 | AQ109: 1 | AR109: 0 | AS109: 0 | AT109: 0 | AU109: 0 | AV109: 1 | AW109: =1/K109 -> 0.2 | AX109: =1/(K109*K109) -> 0.04
A110: Dearden et al. (2011) | B110: 2011 | C110: =+IF(A110=A109,C109,C109+1) -> 15 | D110: enrollment | E110: tuition | F110: -0.039 | G110: 0.015 | H110: 15 | I110: 2802 | J110: =+I110-H110 -> 2787 | K110: 5 | L110: 1992 | M110: 2007 | N110: =+L110+(M110-L110)/2 -> 1999.5 | O110: =+M110-L110+1 -> 16 | P110: =+LN(O109:O110) -> 2.7725887 | Q110: 41 | R110: 0 | S110: FE | T110: =IF(S110="OLS",0,IF(S110="FE",0,IF(S110="Probit model",0,IF(S110="3SLS",1,IF(S110="Logit",0,IF(S110="2SLS",1,IF(S110="SUR method",1,IF(S110="Modified LS",0,IF(S110="Zenner estimates",1,IF(S110="MLE",0,IF(S110="GLS",0,0))))))))))) -> 0 | U110: 1 | V110: 1 | W110: 0 | X110: 1 | Y110: 0 | Z110: 0 | AA110: 0 | AB110: UK | AC110: =IF(AB110="USA",1,IF(AB110="UK",2,IF(AB110="Canada",3,IF(AB110="Germany",4,IF(AB110="Netherlands",5,IF(AB110="India",20,IF(AB110="Indonesia",7,IF(AB110="Korea",8,IF(AB110="Philippines",9,IF(AB110="Taiwan",10,IF(AB110="Greece",11,IF(AB110="Iran",12,IF(AB110="Israel",13,IF(AB110="Kuwait",14,IF(AB110="Lebanon",15,IF(AB110="Saudi Arabia",16,IF(AB110="Turkey",17,IF(AB110="Ethiopia",18,IF(AB110="Kenya",19,IF(AB110="Nigeria",20,IF(AB110="Multinational",6,""))))))))))))))))))))) -> 2 | AD110: =IF(AB110="USA",1,0) -> 0 | AE110: 0 | AF110: 7.606388 | AG110: 3.73767 | AH110: =+F110/G110 -> -2.6 | AI110: =AH110/SQRT(AH110^2+J110) -> -0.049190224 | AJ110: =+AI110/AH110 -> 0.018919317 | AK110: =1/AJ110^2 -> 2793.76 | AL110: =1/AJ110 -> 52.856031 | AM110: 0 | AN110: 1 | AO110: 0 | AP110: =1/SQRT(J110) -> 0.018942248 | AQ110: 0 | AR110: 1 | AS110: 0 | AT110: 0 | AU110: 0 | AV110: 0 | AW110: =1/K110 -> 0.2 | AX110: =1/(K110*K110) -> 0.04
A111: Dearden et al. (2011) | B111: 2011 | C111: =+IF(A111=A110,C110,C110+1) -> 15 | D111: enrollment | E111: tuition | F111: -0.0378 | G111: 0.015 | H111: 15 | I111: 2802 | J111: =+I111-H111 -> 2787 | K111: 5 | L111: 1992 | M111: 2007 | N111: =+L111+(M111-L111)/2 -> 1999.5 | O111: =+M111-L111+1 -> 16 | P111: =+LN(O110:O111) -> 2.7725887 | Q111: 41 | R111: 0 | S111: FE | T111: =IF(S111="OLS",0,IF(S111="FE",0,IF(S111="Probit model",0,IF(S111="3SLS",1,IF(S111="Logit",0,IF(S111="2SLS",1,IF(S111="SUR method",1,IF(S111="Modified LS",0,IF(S111="Zenner estimates",1,IF(S111="MLE",0,IF(S111="GLS",0,0))))))))))) -> 0 | U111: 1 | V111: 1 | W111: 0 | X111: 1 | Y111: 0 | Z111: 0 | AA111: 0 | AB111: UK | AC111: =IF(AB111="USA",1,IF(AB111="UK",2,IF(AB111="Canada",3,IF(AB111="Germany",4,IF(AB111="Netherlands",5,IF(AB111="India",20,IF(AB111="Indonesia",7,IF(AB111="Korea",8,IF(AB111="Philippines",9,IF(AB111="Taiwan",10,IF(AB111="Greece",11,IF(AB111="Iran",12,IF(AB111="Israel",13,IF(AB111="Kuwait",14,IF(AB111="Lebanon",15,IF(AB111="Saudi Arabia",16,IF(AB111="Turkey",17,IF(AB111="Ethiopia",18,IF(AB111="Kenya",19,IF(AB111="Nigeria",20,IF(AB111="Multinational",6,""))))))))))))))))))))) -> 2 | AD111: =IF(AB111="USA",1,0) -> 0 | AE111: 0 | AF111: 7.606388 | AG111: 3.73767 | AH111: =+F111/G111 -> -2.52 | AI111: =AH111/SQRT(AH111^2+J111) -> -0.047680174 | AJ111: =+AI111/AH111 -> 0.018920704 | AK111: =1/AJ111^2 -> 2793.3504 | AL111: =1/AJ111 -> 52.852156 | AM111: 0 | AN111: 1 | AO111: 0 | AP111: =1/SQRT(J111) -> 0.018942248 | AQ111: 0 | AR111: 1 | AS111: 0 | AT111: 0 | AU111: 0 | AV111: 0 | AW111: =1/K111 -> 0.2 | AX111: =1/(K111*K111) -> 0.04
A112: Dearden et al. (2011) | B112: 2011 | C112: =+IF(A112=A111,C111,C111+1) -> 15 | D112: enrollment | E112: tuition | F112: -0.0412 | G112: 0.025 | H112: 15 | I112: 2444 | J112: =+I112-H112 -> 2429 | K112: 5 | L112: 1992 | M112: 2007 | N112: =+L112+(M112-L112)/2 -> 1999.5 | O112: =+M112-L112+1 -> 16 | P112: =+LN(O111:O112) -> 2.7725887 | Q112: 41 | R112: 0 | S112: FE | T112: =IF(S112="OLS",0,IF(S112="FE",0,IF(S112="Probit model",0,IF(S112="3SLS",1,IF(S112="Logit",0,IF(S112="2SLS",1,IF(S112="SUR method",1,IF(S112="Modified LS",0,IF(S112="Zenner estimates",1,IF(S112="MLE",0,IF(S112="GLS",0,0))))))))))) -> 0 | U112: 1 | V112: 1 | W112: 0 | X112: 1 | Y112: 0 | Z112: 0 | AA112: 0 | AB112: UK | AC112: =IF(AB112="USA",1,IF(AB112="UK",2,IF(AB112="Canada",3,IF(AB112="Germany",4,IF(AB112="Netherlands",5,IF(AB112="India",20,IF(AB112="Indonesia",7,IF(AB112="Korea",8,IF(AB112="Philippines",9,IF(AB112="Taiwan",10,IF(AB112="Greece",11,IF(AB112="Iran",12,IF(AB112="Israel",13,IF(AB112="Kuwait",14,IF(AB112="Lebanon",15,IF(AB112="Saudi Arabia",16,IF(AB112="Turkey",17,IF(AB112="Ethiopia",18,IF(AB112="Kenya",19,IF(AB112="Nigeria",20,IF(AB112="Multinational",6,""))))))))))))))))))))) -> 2 | AD112: =IF(AB112="USA",1,0) -> 0 | AE112: 0 | AF112: 7.606388 | AG112: 3.73767 | AH112: =+F112/G112 -> -1.648 | AI112: =AH112/SQRT(AH112^2+J112) -> -0.033419565 | AJ112: =+AI112/AH112 -> 0.020278862 | AK112: =1/AJ112^2 -> 2431.7159 | AL112: =1/AJ112 -> 49.312432 | AM112: 0 | AN112: 1 | AO112: 0 | AP112: =1/SQRT(J112) -> 0.020290196 | AQ112: 0 | AR112: 1 | AS112: 0 | AT112: 0 | AU112: 0 | AV112: 0 | AW112: =1/K112 -> 0.2 | AX112: =1/(K112*K112) -> 0.04
A113: Dearden et al. (2011) | B113: 2011 | C113: =+IF(A113=A112,C112,C112+1) -> 15 | D113: enrollment | E113: tuition | F113: -0.0376 | G113: 0.015 | H113: 15 | I113: 2629 | J113: =+I113-H113 -> 2614 | K113: 5 | L113: 1992 | M113: 2007 | N113: =+L113+(M113-L113)/2 -> 1999.5 | O113: =+M113-L113+1 -> 16 | P113: =+LN(O112:O113) -> 2.7725887 | Q113: 41 | R113: 0 | S113: FE | T113: =IF(S113="OLS",0,IF(S113="FE",0,IF(S113="Probit model",0,IF(S113="3SLS",1,IF(S113="Logit",0,IF(S113="2SLS",1,IF(S113="SUR method",1,IF(S113="Modified LS",0,IF(S113="Zenner estimates",1,IF(S113="MLE",0,IF(S113="GLS",0,0))))))))))) -> 0 | U113: 1 | V113: 1 | W113: 0 | X113: 1 | Y113: 0 | Z113: 0 | AA113: 0 | AB113: UK | AC113: =IF(AB113="USA",1,IF(AB113="UK",2,IF(AB113="Canada",3,IF(AB113="Germany",4,IF(AB113="Netherlands",5,IF(AB113="India",20,IF(AB113="Indonesia",7,IF(AB113="Korea",8,IF(AB113="Philippines",9,IF(AB113="Taiwan",10,IF(AB113="Greece",11,IF(AB113="Iran",12,IF(AB113="Israel",13,IF(AB113="Kuwait",14,IF(AB113="Lebanon",15,IF(AB113="Saudi Arabia",16,IF(AB113="Turkey",17,IF(AB113="Ethiopia",18,IF(AB113="Kenya",19,IF(AB113="Nigeria",20,IF(AB113="Multinational",6,""))))))))))))))))))))) -> 2 | AD113: =IF(AB113="USA",1,0) -> 0 | AE113: 0 | AF113: 7.606388 | AG113: 3.73767 | AH113: =+F113/G113 -> -2.5066667 | AI113: =AH113/SQRT(AH113^2+J113) -> -0.048969138 | AJ113: =+AI113/AH113 -> 0.01953556 | AK113: =1/AJ113^2 -> 2620.2834 | AL113: =1/AJ113 -> 51.188704 | AM113: 0 | AN113: 1 | AO113: 0 | AP113: =1/SQRT(J113) -> 0.019559025 | AQ113: 0 | AR113: 1 | AS113: 0 | AT113: 0 | AU113: 0 | AV113: 0 | AW113: =1/K113 -> 0.2 | AX113: =1/(K113*K113) -> 0.04
A114: Dearden et al. (2011) | B114: 2011 | C114: =+IF(A114=A113,C113,C113+1) -> 15 | D114: enrollment | E114: tuition | F114: -0.0323 | G114: 0.018 | H114: 15 | I114: 2268 | J114: =+I114-H114 -> 2253 | K114: 5 | L114: 1992 | M114: 2007 | N114: =+L114+(M114-L114)/2 -> 1999.5 | O114: =+M114-L114+1 -> 16 | P114: =+LN(O113:O114) -> 2.7725887 | Q114: 41 | R114: 0 | S114: FE | T114: =IF(S114="OLS",0,IF(S114="FE",0,IF(S114="Probit model",0,IF(S114="3SLS",1,IF(S114="Logit",0,IF(S114="2SLS",1,IF(S114="SUR method",1,IF(S114="Modified LS",0,IF(S114="Zenner estimates",1,IF(S114="MLE",0,IF(S114="GLS",0,0))))))))))) -> 0 | U114: 1 | V114: 1 | W114: 0 | X114: 1 | Y114: 0 | Z114: 0 | AA114: 0 | AB114: UK | AC114: =IF(AB114="USA",1,IF(AB114="UK",2,IF(AB114="Canada",3,IF(AB114="Germany",4,IF(AB114="Netherlands",5,IF(AB114="India",20,IF(AB114="Indonesia",7,IF(AB114="Korea",8,IF(AB114="Philippines",9,IF(AB114="Taiwan",10,IF(AB114="Greece",11,IF(AB114="Iran",12,IF(AB114="Israel",13,IF(AB114="Kuwait",14,IF(AB114="Lebanon",15,IF(AB114="Saudi Arabia",16,IF(AB114="Turkey",17,IF(AB114="Ethiopia",18,IF(AB114="Kenya",19,IF(AB114="Nigeria",20,IF(AB114="Multinational",6,""))))))))))))))))))))) -> 2 | AD114: =IF(AB114="USA",1,0) -> 0 | AE114: 0 | AF114: 7.606388 | AG114: 3.73767 | AH114: =+F114/G114 -> -1.7944444 | AI114: =AH114/SQRT(AH114^2+J114) -> -0.037778029 | AJ114: =+AI114/AH114 -> 0.021052771 | AK114: =1/AJ114^2 -> 2256.22 | AL114: =1/AJ114 -> 47.499685 | AM114: 0 | AN114: 1 | AO114: 0 | AP114: =1/SQRT(J114) -> 0.021067811 | AQ114: 0 | AR114: 1 | AS114: 0 | AT114: 0 | AU114: 0 | AV114: 0 | AW114: =1/K114 -> 0.2 | AX114: =1/(K114*K114) -> 0.04
A115: Doyle & Cicarelli (1980) | B115: 1980 | C115: =+IF(A115=A114,C114,C114+1) -> 16 | D115: enrollment | E115: tuition | F115: -0.1696 | G115: 0.13901639 | H115: 4 | I115: 40 | J115: =+I115-H115 -> 36 | K115: 1 | L115: 1973 | M115: 1973 | N115: =+L115+(M115-L115)/2 -> 1973 | O115: =+M115-L115+1 -> 1 | P115: =+LN(O114:O115) -> 0 | Q115: 8 | R115: 0 | S115: OLS | T115: =IF(S115="OLS",0,IF(S115="FE",0,IF(S115="Probit model",0,IF(S115="3SLS",1,IF(S115="Logit",0,IF(S115="2SLS",1,IF(S115="SUR method",1,IF(S115="Modified LS",0,IF(S115="Zenner estimates",1,IF(S115="MLE",0,IF(S115="GLS",0,0))))))))))) -> 0 | U115: 0 | V115: 1 | W115: 1 | X115: 0 | Y115: 1 | Z115: 0 | AA115: 0 | AB115: USA | AC115: =IF(AB115="USA",1,IF(AB115="UK",2,IF(AB115="Canada",3,IF(AB115="Germany",4,IF(AB115="Netherlands",5,IF(AB115="India",20,IF(AB115="Indonesia",7,IF(AB115="Korea",8,IF(AB115="Philippines",9,IF(AB115="Taiwan",10,IF(AB115="Greece",11,IF(AB115="Iran",12,IF(AB115="Israel",13,IF(AB115="Kuwait",14,IF(AB115="Lebanon",15,IF(AB115="Saudi Arabia",16,IF(AB115="Turkey",17,IF(AB115="Ethiopia",18,IF(AB115="Kenya",19,IF(AB115="Nigeria",20,IF(AB115="Multinational",6,""))))))))))))))))))))) -> 1 | AD115: =IF(AB115="USA",1,0) -> 1 | AE115: 1 | AF115: 7.590852 | AG115: 2.197225 | AH115: =+F115/G115 -> -1.22 | AI115: =AH115/SQRT(AH115^2+J115) -> -0.19925599 | AJ115: =+AI115/AH115 -> 0.16332458 | AK115: =1/AJ115^2 -> 37.4884 | AL115: =1/AJ115 -> 6.1227771 | AM115: 0 | AN115: 0 | AO115: 1 | AP115: =1/SQRT(J115) -> 0.16666667 | AQ115: 1 | AR115: 0 | AS115: 0 | AT115: 0 | AU115: 0 | AV115: 1 | AW115: =1/K115 -> 1 | AX115: =1/(K115*K115) -> 1
A116: Elliott & Soo (2013) | B116: 2013 | C116: =+IF(A116=A115,C115,C115+1) -> 17 | D116: enrollment | E116: tuition | F116: -0.102 | G116: 0.029 | H116: 10 | I116: 488 | J116: =+I116-H116 -> 478 | K116: 3 | L116: 2004 | M116: 2010 | N116: =+L116+(M116-L116)/2 -> 2007 | O116: =+M116-L116+1 -> 7 | P116: =+LN(O116:O116) -> 1.9459101 | Q116: 5 | R116: 0 | S116: 3SLS | T116: =IF(S116="OLS",0,IF(S116="FE",0,IF(S116="Probit model",0,IF(S116="3SLS",1,IF(S116="Logit",0,IF(S116="2SLS",1,IF(S116="SUR method",1,IF(S116="Modified LS",0,IF(S116="Zenner estimates",1,IF(S116="MLE",0,IF(S116="GLS",0,0))))))))))) -> 1 | U116: 0 | V116: 0 | W116: 1 | X116: 0 | Y116: 0 | Z116: 1 | AA116: 0 | AB116: Multinational | AC116: =IF(AB116="USA",1,IF(AB116="UK",2,IF(AB116="Canada",3,IF(AB116="Germany",4,IF(AB116="Netherlands",5,IF(AB116="India",20,IF(AB116="Indonesia",7,IF(AB116="Korea",8,IF(AB116="Philippines",9,IF(AB116="Taiwan",10,IF(AB116="Greece",11,IF(AB116="Iran",12,IF(AB116="Israel",13,IF(AB116="Kuwait",14,IF(AB116="Lebanon",15,IF(AB116="Saudi Arabia",16,IF(AB116="Turkey",17,IF(AB116="Ethiopia",18,IF(AB116="Kenya",19,IF(AB116="Nigeria",20,IF(AB116="Multinational",6,""))))))))))))))))))))) -> 6 | AD116: =IF(AB116="USA",1,0) -> 0 | AE116: 1 | AF116: 7.607381 | AG116: 1.791759 | AH116: =+F116/G116 -> -3.5172414 | AI116: =AH116/SQRT(AH116^2+J116) -> -0.15883265 | AJ116: =+AI116/AH116 -> 0.045158303 | AK116: =1/AJ116^2 -> 490.37099 | AL116: =1/AJ116 -> 22.144322 | AM116: 0 | AN116: 1 | AO116: 0 | AP116: =1/SQRT(J116) -> 0.045738935 | AQ116: 0 | AR116: 0 | AS116: 0 | AT116: 0 | AU116: 0 | AV116: 0 | AW116: =1/K116 -> 0.33333333 | AX116: =1/(K116*K116) -> 0.11111111
A117: Elliott & Soo (2013) | B117: 2013 | C117: =+IF(A117=A116,C116,C116+1) -> 17 | D117: enrollment | E117: tuition | F117: -0.14 | G117: 0.018 | H117: 13 | I117: 551 | J117: =+I117-H117 -> 538 | K117: 3 | L117: 2001 | M117: 2010 | N117: =+L117+(M117-L117)/2 -> 2005.5 | O117: =+M117-L117+1 -> 10 | P117: =+LN(O116:O117) -> 2.3025851 | Q117: 5 | R117: 0 | S117: 3SLS | T117: =IF(S117="OLS",0,IF(S117="FE",0,IF(S117="Probit model",0,IF(S117="3SLS",1,IF(S117="Logit",0,IF(S117="2SLS",1,IF(S117="SUR method",1,IF(S117="Modified LS",0,IF(S117="Zenner estimates",1,IF(S117="MLE",0,IF(S117="GLS",0,0))))))))))) -> 1 | U117: 0 | V117: 0 | W117: 0 | X117: 0 | Y117: 0 | Z117: 1 | AA117: 0 | AB117: Multinational | AC117: =IF(AB117="USA",1,IF(AB117="UK",2,IF(AB117="Canada",3,IF(AB117="Germany",4,IF(AB117="Netherlands",5,IF(AB117="India",20,IF(AB117="Indonesia",7,IF(AB117="Korea",8,IF(AB117="Philippines",9,IF(AB117="Taiwan",10,IF(AB117="Greece",11,IF(AB117="Iran",12,IF(AB117="Israel",13,IF(AB117="Kuwait",14,IF(AB117="Lebanon",15,IF(AB117="Saudi Arabia",16,IF(AB117="Turkey",17,IF(AB117="Ethiopia",18,IF(AB117="Kenya",19,IF(AB117="Nigeria",20,IF(AB117="Multinational",6,""))))))))))))))))))))) -> 6 | AD117: =IF(AB117="USA",1,0) -> 0 | AE117: 1 | AF117: 7.607381 | AG117: 1.791759 | AH117: =+F117/G117 -> -7.7777778 | AI117: =AH117/SQRT(AH117^2+J117) -> -0.31792574 | AJ117: =+AI117/AH117 -> 0.040876167 | AK117: =1/AJ117^2 -> 598.49383 | AL117: =1/AJ117 -> 24.464133 | AM117: 0 | AN117: 1 | AO117: 0 | AP117: =1/SQRT(J117) -> 0.043113061 | AQ117: 0 | AR117: 0 | AS117: 0 | AT117: 0 | AU117: 0 | AV117: 0 | AW117: =1/K117 -> 0.33333333 | AX117: =1/(K117*K117) -> 0.11111111
A118: Elliott & Soo (2013) | B118: 2013 | C118: =+IF(A118=A117,C117,C117+1) -> 17 | D118: enrollment | E118: tuition | F118: -0.165 | G118: 0.037 | H118: 10 | I118: 582 | J118: =+I118-H118 -> 572 | K118: 3 | L118: 2006 | M118: 2010 | N118: =+L118+(M118-L118)/2 -> 2008 | O118: =+M118-L118+1 -> 5 | P118: =+LN(O118:O118) -> 1.6094379 | Q118: 5 | R118: 0 | S118: 3SLS | T118: =IF(S118="OLS",0,IF(S118="FE",0,IF(S118="Probit model",0,IF(S118="3SLS",1,IF(S118="Logit",0,IF(S118="2SLS",1,IF(S118="SUR method",1,IF(S118="Modified LS",0,IF(S118="Zenner estimates",1,IF(S118="MLE",0,IF(S118="GLS",0,0))))))))))) -> 1 | U118: 0 | V118: 0 | W118: 1 | X118: 0 | Y118: 0 | Z118: 1 | AA118: 0 | AB118: Multinational | AC118: =IF(AB118="USA",1,IF(AB118="UK",2,IF(AB118="Canada",3,IF(AB118="Germany",4,IF(AB118="Netherlands",5,IF(AB118="India",20,IF(AB118="Indonesia",7,IF(AB118="Korea",8,IF(AB118="Philippines",9,IF(AB118="Taiwan",10,IF(AB118="Greece",11,IF(AB118="Iran",12,IF(AB118="Israel",13,IF(AB118="Kuwait",14,IF(AB118="Lebanon",15,IF(AB118="Saudi Arabia",16,IF(AB118="Turkey",17,IF(AB118="Ethiopia",18,IF(AB118="Kenya",19,IF(AB118="Nigeria",20,IF(AB118="Multinational",6,""))))))))))))))))))))) -> 6 | AD118: =IF(AB118="USA",1,0) -> 0 | AE118: 1 | AF118: 7.607381 | AG118: 1.791759 | AH118: =+F118/G118 -> -4.4594595 | AI118: =AH118/SQRT(AH118^2+J118) -> -0.18330018 | AJ118: =+AI118/AH118 -> 0.041103678 | AK118: =1/AJ118^2 -> 591.88678 | AL118: =1/AJ118 -> 24.328723 | AM118: 0 | AN118: 1 | AO118: 0 | AP118: =1/SQRT(J118) -> 0.041812101 | AQ118: 0 | AR118: 0 | AS118: 0 | AT118: 0 | AU118: 0 | AV118: 0 | AW118: =1/K118 -> 0.33333333 | AX118: =1/(K118*K118) -> 0.11111111
A119: Grubb (1988) | B119: 1988 | C119: =+IF(A119=A118,C118,C118+1) -> 18 | D119: enrollment | E119: tuition | F119: -1.68 | G119: 0.49411765 | H119: 16 | I119: 48 | J119: =+I119-H119 -> 32 | K119: 21 | L119: 1979 | M119: 1979 | N119: =+L119+(M119-L119)/2 -> 1979 | O119: =+M119-L119+1 -> 1 | P119: =+LN(O118:O119) -> 0 | Q119: 36 | R119: 0 | S119: OLS | T119: =IF(S119="OLS",0,IF(S119="FE",0,IF(S119="Probit model",0,IF(S119="3SLS",1,IF(S119="Logit",0,IF(S119="2SLS",1,IF(S119="SUR method",1,IF(S119="Modified LS",0,IF(S119="Zenner estimates",1,IF(S119="MLE",0,IF(S119="GLS",0,0))))))))))) -> 0 | U119: 0 | V119: 0 | W119: 1 | X119: 1 | Y119: 0 | Z119: 0 | AA119: 0 | AB119: USA | AC119: =IF(AB119="USA",1,IF(AB119="UK",2,IF(AB119="Canada",3,IF(AB119="Germany",4,IF(AB119="Netherlands",5,IF(AB119="India",20,IF(AB119="Indonesia",7,IF(AB119="Korea",8,IF(AB119="Philippines",9,IF(AB119="Taiwan",10,IF(AB119="Greece",11,IF(AB119="Iran",12,IF(AB119="Israel",13,IF(AB119="Kuwait",14,IF(AB119="Lebanon",15,IF(AB119="Saudi Arabia",16,IF(AB119="Turkey",17,IF(AB119="Ethiopia",18,IF(AB119="Kenya",19,IF(AB119="Nigeria",20,IF(AB119="Multinational",6,""))))))))))))))))))))) -> 1 | AD119: =IF(AB119="USA",1,0) -> 1 | AE119: 1 | AF119: 7.594884 | AG119: 3.610918 | AH119: =+F119/G119 -> -3.4 | AI119: =AH119/SQRT(AH119^2+J119) -> -0.51515152 | AJ119: =+AI119/AH119 -> 0.15151515 | AK119: =1/AJ119^2 -> 43.56 | AL119: =1/AJ119 -> 6.6 | AM119: 0 | AN119: 0 | AO119: 1 | AP119: =1/SQRT(J119) -> 0.1767767 | AQ119: 1 | AR119: 0 | AS119: 0 | AT119: 0 | AU119: 0 | AV119: 0 | AW119: =1/K119 -> 0.047619048 | AX119: =1/(K119*K119) -> 0.0022675737
A120: Grubb (1988) | B120: 1988 | C120: =+IF(A120=A119,C119,C119+1) -> 18 | D120: enrollment | E120: tuition | F120: -1.69 | G120: 0.45308311 | H120: 7 | I120: 48 | J120: =+I120-H120 -> 41 | K120: 21 | L120: 1979 | M120: 1979 | N120: =+L120+(M120-L120)/2 -> 1979 | O120: =+M120-L120+1 -> 1 | P120: =+LN(O119:O120) -> 0 | Q120: 36 | R120: 0 | S120: OLS | T120: =IF(S120="OLS",0,IF(S120="FE",0,IF(S120="Probit model",0,IF(S120="3SLS",1,IF(S120="Logit",0,IF(S120="2SLS",1,IF(S120="SUR method",1,IF(S120="Modified LS",0,IF(S120="Zenner estimates",1,IF(S120="MLE",0,IF(S120="GLS",0,0))))))))))) -> 0 | U120: 0 | V120: 0 | W120: 1 | X120: 1 | Y120: 0 | Z120: 0 | AA120: 0 | AB120: USA | AC120: =IF(AB120="USA",1,IF(AB120="UK",2,IF(AB120="Canada",3,IF(AB120="Germany",4,IF(AB120="Netherlands",5,IF(AB120="India",20,IF(AB120="Indonesia",7,IF(AB120="Korea",8,IF(AB120="Philippines",9,IF(AB120="Taiwan",10,IF(AB120="Greece",11,IF(AB120="Iran",12,IF(AB120="Israel",13,IF(AB120="Kuwait",14,IF(AB120="Lebanon",15,IF(AB120="Saudi Arabia",16,IF(AB120="Turkey",17,IF(AB120="Ethiopia",18,IF(AB120="Kenya",19,IF(AB120="Nigeria",20,IF(AB120="Multinational",6,""))))))))))))))))))))) -> 1 | AD120: =IF(AB120="USA",1,0) -> 1 | AE120: 1 | AF120: 7.594884 | AG120: 3.610918 | AH120: =+F120/G120 -> -3.73 | AI120: =AH120/SQRT(AH120^2+J120) -> -0.50335182 | AJ120: =+AI120/AH120 -> 0.13494687 | AK120: =1/AJ120^2 -> 54.9129 | AL120: =1/AJ120 -> 7.4103239 | AM120: 0 | AN120: 0 | AO120: 1 | AP120: =1/SQRT(J120) -> 0.15617376 | AQ120: 1 | AR120: 0 | AS120: 0 | AT120: 0 | AU120: 0 | AV120: 0 | AW120: =1/K120 -> 0.047619048 | AX120: =1/(K120*K120) -> 0.0022675737
A121: Grubb (1988) | B121: 1988 | C121: =+IF(A121=A120,C120,C120+1) -> 18 | D121: enrollment | E121: tuition | F121: -1.39 | G121: 0.39376771 | H121: 9 | I121: 48 | J121: =+I121-H121 -> 39 | K121: 21 | L121: 1979 | M121: 1979 | N121: =+L121+(M121-L121)/2 -> 1979 | O121: =+M121-L121+1 -> 1 | P121: =+LN(O120:O121) -> 0 | Q121: 36 | R121: 0 | S121: OLS | T121: =IF(S121="OLS",0,IF(S121="FE",0,IF(S121="Probit model",0,IF(S121="3SLS",1,IF(S121="Logit",0,IF(S121="2SLS",1,IF(S121="SUR method",1,IF(S121="Modified LS",0,IF(S121="Zenner estimates",1,IF(S121="MLE",0,IF(S121="GLS",0,0))))))))))) -> 0 | U121: 0 | V121: 0 | W121: 1 | X121: 1 | Y121: 0 | Z121: 0 | AA121: 0 | AB121: USA | AC121: =IF(AB121="USA",1,IF(AB121="UK",2,IF(AB121="Canada",3,IF(AB121="Germany",4,IF(AB121="Netherlands",5,IF(AB121="India",20,IF(AB121="Indonesia",7,IF(AB121="Korea",8,IF(AB121="Philippines",9,IF(AB121="Taiwan",10,IF(AB121="Greece",11,IF(AB121="Iran",12,IF(AB121="Israel",13,IF(AB121="Kuwait",14,IF(AB121="Lebanon",15,IF(AB121="Saudi Arabia",16,IF(AB121="Turkey",17,IF(AB121="Ethiopia",18,IF(AB121="Kenya",19,IF(AB121="Nigeria",20,IF(AB121="Multinational",6,""))))))))))))))))))))) -> 1 | AD121: =IF(AB121="USA",1,0) -> 1 | AE121: 1 | AF121: 7.594884 | AG121: 3.610918 | AH121: =+F121/G121 -> -3.53 | AI121: =AH121/SQRT(AH121^2+J121) -> -0.49208034 | AJ121: =+AI121/AH121 -> 0.13939953 | AK121: =1/AJ121^2 -> 51.4609 | AL121: =1/AJ121 -> 7.1736253 | AM121: 0 | AN121: 0 | AO121: 1 | AP121: =1/SQRT(J121) -> 0.16012815 | AQ121: 1 | AR121: 0 | AS121: 0 | AT121: 0 | AU121: 0 | AV121: 0 | AW121: =1/K121 -> 0.047619048 | AX121: =1/(K121*K121) -> 0.0022675737
A122: Grubb (1988) | B122: 1988 | C122: =+IF(A122=A121,C121,C121+1) -> 18 | D122: enrollment | E122: tuition | F122: -0.296 | G122: 0.9833887 | H122: 16 | I122: 48 | J122: =+I122-H122 -> 32 | K122: 21 | L122: 1979 | M122: 1979 | N122: =+L122+(M122-L122)/2 -> 1979 | O122: =+M122-L122+1 -> 1 | P122: =+LN(O121:O122) -> 0 | Q122: 36 | R122: 0 | S122: OLS | T122: =IF(S122="OLS",0,IF(S122="FE",0,IF(S122="Probit model",0,IF(S122="3SLS",1,IF(S122="Logit",0,IF(S122="2SLS",1,IF(S122="SUR method",1,IF(S122="Modified LS",0,IF(S122="Zenner estimates",1,IF(S122="MLE",0,IF(S122="GLS",0,0))))))))))) -> 0 | U122: 0 | V122: 0 | W122: 1 | X122: 1 | Y122: 0 | Z122: 0 | AA122: 0 | AB122: USA | AC122: =IF(AB122="USA",1,IF(AB122="UK",2,IF(AB122="Canada",3,IF(AB122="Germany",4,IF(AB122="Netherlands",5,IF(AB122="India",20,IF(AB122="Indonesia",7,IF(AB122="Korea",8,IF(AB122="Philippines",9,IF(AB122="Taiwan",10,IF(AB122="Greece",11,IF(AB122="Iran",12,IF(AB122="Israel",13,IF(AB122="Kuwait",14,IF(AB122="Lebanon",15,IF(AB122="Saudi Arabia",16,IF(AB122="Turkey",17,IF(AB122="Ethiopia",18,IF(AB122="Kenya",19,IF(AB122="Nigeria",20,IF(AB122="Multinational",6,""))))))))))))))))))))) -> 1 | AD122: =IF(AB122="USA",1,0) -> 1 | AE122: 1 | AF122: 7.594884 | AG122: 3.610918 | AH122: =+F122/G122 -> -0.301 | AI122: =AH122/SQRT(AH122^2+J122) -> -0.053134619 | AJ122: =+AI122/AH122 -> 0.17652697 | AK122: =1/AJ122^2 -> 32.090601 | AL122: =1/AJ122 -> 5.6648567 | AM122: 0 | AN122: 0 | AO122: 1 | AP122: =1/SQRT(J122) -> 0.1767767 | AQ122: 1 | AR122: 0 | AS122: 0 | AT122: 0 | AU122: 0 | AV122: 1 | AW122: =1/K122 -> 0.047619048 | AX122: =1/(K122*K122) -> 0.0022675737
A123: Grubb (1988) | B123: 1988 | C123: =+IF(A123=A122,C122,C122+1) -> 18 | D123: enrollment | E123: tuition | F123: 0.301 | G123: 0.11315789 | H123: 16 | I123: 48 | J123: =+I123-H123 -> 32 | K123: 21 | L123: 1979 | M123: 1979 | N123: =+L123+(M123-L123)/2 -> 1979 | O123: =+M123-L123+1 -> 1 | P123: =+LN(O122:O123) -> 0 | Q123: 36 | R123: 0 | S123: OLS | T123: =IF(S123="OLS",0,IF(S123="FE",0,IF(S123="Probit model",0,IF(S123="3SLS",1,IF(S123="Logit",0,IF(S123="2SLS",1,IF(S123="SUR method",1,IF(S123="Modified LS",0,IF(S123="Zenner estimates",1,IF(S123="MLE",0,IF(S123="GLS",0,0))))))))))) -> 0 | U123: 0 | V123: 0 | W123: 1 | X123: 1 | Y123: 0 | Z123: 0 | AA123: 0 | AB123: USA | AC123: =IF(AB123="USA",1,IF(AB123="UK",2,IF(AB123="Canada",3,IF(AB123="Germany",4,IF(AB123="Netherlands",5,IF(AB123="India",20,IF(AB123="Indonesia",7,IF(AB123="Korea",8,IF(AB123="Philippines",9,IF(AB123="Taiwan",10,IF(AB123="Greece",11,IF(AB123="Iran",12,IF(AB123="Israel",13,IF(AB123="Kuwait",14,IF(AB123="Lebanon",15,IF(AB123="Saudi Arabia",16,IF(AB123="Turkey",17,IF(AB123="Ethiopia",18,IF(AB123="Kenya",19,IF(AB123="Nigeria",20,IF(AB123="Multinational",6,""))))))))))))))))))))) -> 1 | AD123: =IF(AB123="USA",1,0) -> 1 | AE123: 1 | AF123: 7.594884 | AG123: 3.610918 | AH123: =+F123/G123 -> 2.66 | AI123: =AH123/SQRT(AH123^2+J123) -> 0.42552865 | AJ123: =+AI123/AH123 -> 0.15997318 | AK123: =1/AJ123^2 -> 39.0756 | AL123: =1/AJ123 -> 6.2510479 | AM123: 0 | AN123: 0 | AO123: 1 | AP123: =1/SQRT(J123) -> 0.1767767 | AQ123: 1 | AR123: 0 | AS123: 0 | AT123: 0 | AU123: 1 | AV123: 0 | AW123: =1/K123 -> 0.047619048 | AX123: =1/(K123*K123) -> 0.0022675737
A124: Grubb (1988) | B124: 1988 | C124: =+IF(A124=A123,C123,C123+1) -> 18 | D124: enrollment | E124: tuition | F124: 0.213 | G124: 0.079182156 | H124: 7 | I124: 48 | J124: =+I124-H124 -> 41 | K124: 21 | L124: 1979 | M124: 1979 | N124: =+L124+(M124-L124)/2 -> 1979 | O124: =+M124-L124+1 -> 1 | P124: =+LN(O123:O124) -> 0 | Q124: 36 | R124: 0 | S124: OLS | T124: =IF(S124="OLS",0,IF(S124="FE",0,IF(S124="Probit model",0,IF(S124="3SLS",1,IF(S124="Logit",0,IF(S124="2SLS",1,IF(S124="SUR method",1,IF(S124="Modified LS",0,IF(S124="Zenner estimates",1,IF(S124="MLE",0,IF(S124="GLS",0,0))))))))))) -> 0 | U124: 0 | V124: 0 | W124: 1 | X124: 1 | Y124: 0 | Z124: 0 | AA124: 0 | AB124: USA | AC124: =IF(AB124="USA",1,IF(AB124="UK",2,IF(AB124="Canada",3,IF(AB124="Germany",4,IF(AB124="Netherlands",5,IF(AB124="India",20,IF(AB124="Indonesia",7,IF(AB124="Korea",8,IF(AB124="Philippines",9,IF(AB124="Taiwan",10,IF(AB124="Greece",11,IF(AB124="Iran",12,IF(AB124="Israel",13,IF(AB124="Kuwait",14,IF(AB124="Lebanon",15,IF(AB124="Saudi Arabia",16,IF(AB124="Turkey",17,IF(AB124="Ethiopia",18,IF(AB124="Kenya",19,IF(AB124="Nigeria",20,IF(AB124="Multinational",6,""))))))))))))))))))))) -> 1 | AD124: =IF(AB124="USA",1,0) -> 1 | AE124: 1 | AF124: 7.594884 | AG124: 3.610918 | AH124: =+F124/G124 -> 2.69 | AI124: =AH124/SQRT(AH124^2+J124) -> 0.38731667 | AJ124: =+AI124/AH124 -> 0.14398389 | AK124: =1/AJ124^2 -> 48.2361 | AL124: =1/AJ124 -> 6.9452214 | AM124: 0 | AN124: 0 | AO124: 1 | AP124: =1/SQRT(J124) -> 0.15617376 | AQ124: 1 | AR124: 0 | AS124: 0 | AT124: 0 | AU124: 1 | AV124: 0 | AW124: =1/K124 -> 0.047619048 | AX124: =1/(K124*K124) -> 0.0022675737
A125: Grubb (1988) | B125: 1988 | C125: =+IF(A125=A124,C124,C124+1) -> 18 | D125: enrollment | E125: tuition | F125: 0.094 | G125: 0.074015748 | H125: 9 | I125: 48 | J125: =+I125-H125 -> 39 | K125: 21 | L125: 1979 | M125: 1979 | N125: =+L125+(M125-L125)/2 -> 1979 | O125: =+M125-L125+1 -> 1 | P125: =+LN(O124:O125) -> 0 | Q125: 36 | R125: 0 | S125: OLS | T125: =IF(S125="OLS",0,IF(S125="FE",0,IF(S125="Probit model",0,IF(S125="3SLS",1,IF(S125="Logit",0,IF(S125="2SLS",1,IF(S125="SUR method",1,IF(S125="Modified LS",0,IF(S125="Zenner estimates",1,IF(S125="MLE",0,IF(S125="GLS",0,0))))))))))) -> 0 | U125: 0 | V125: 0 | W125: 1 | X125: 1 | Y125: 0 | Z125: 0 | AA125: 0 | AB125: USA | AC125: =IF(AB125="USA",1,IF(AB125="UK",2,IF(AB125="Canada",3,IF(AB125="Germany",4,IF(AB125="Netherlands",5,IF(AB125="India",20,IF(AB125="Indonesia",7,IF(AB125="Korea",8,IF(AB125="Philippines",9,IF(AB125="Taiwan",10,IF(AB125="Greece",11,IF(AB125="Iran",12,IF(AB125="Israel",13,IF(AB125="Kuwait",14,IF(AB125="Lebanon",15,IF(AB125="Saudi Arabia",16,IF(AB125="Turkey",17,IF(AB125="Ethiopia",18,IF(AB125="Kenya",19,IF(AB125="Nigeria",20,IF(AB125="Multinational",6,""))))))))))))))))))))) -> 1 | AD125: =IF(AB125="USA",1,0) -> 1 | AE125: 1 | AF125: 7.594884 | AG125: 3.610918 | AH125: =+F125/G125 -> 1.27 | AI125: =AH125/SQRT(AH125^2+J125) -> 0.19928367 | AJ125: =+AI125/AH125 -> 0.15691628 | AK125: =1/AJ125^2 -> 40.6129 | AL125: =1/AJ125 -> 6.3728251 | AM125: 0 | AN125: 0 | AO125: 1 | AP125: =1/SQRT(J125) -> 0.16012815 | AQ125: 1 | AR125: 0 | AS125: 0 | AT125: 0 | AU125: 1 | AV125: 0 | AW125: =1/K125 -> 0.047619048 | AX125: =1/(K125*K125) -> 0.0022675737
A126: Grubb (1988) | B126: 1988 | C126: =+IF(A126=A125,C125,C125+1) -> 18 | D126: enrollment | E126: tuition | F126: -1.64 | G126: 0.44086022 | H126: 7 | I126: 47 | J126: =+I126-H126 -> 40 | K126: 21 | L126: 1979 | M126: 1979 | N126: =+L126+(M126-L126)/2 -> 1979 | O126: =+M126-L126+1 -> 1 | P126: =+LN(O125:O126) -> 0 | Q126: 36 | R126: 0 | S126: Zenner estimates | T126: =IF(S126="OLS",0,IF(S126="FE",0,IF(S126="Probit model",0,IF(S126="3SLS",1,IF(S126="Logit",0,IF(S126="2SLS",1,IF(S126="SUR method",1,IF(S126="Modified LS",0,IF(S126="Zenner estimates",1,IF(S126="MLE",0,IF(S126="GLS",0,0))))))))))) -> 1 | U126: 0 | V126: 0 | W126: 1 | X126: 1 | Y126: 0 | Z126: 0 | AA126: 0 | AB126: USA | AC126: =IF(AB126="USA",1,IF(AB126="UK",2,IF(AB126="Canada",3,IF(AB126="Germany",4,IF(AB126="Netherlands",5,IF(AB126="India",20,IF(AB126="Indonesia",7,IF(AB126="Korea",8,IF(AB126="Philippines",9,IF(AB126="Taiwan",10,IF(AB126="Greece",11,IF(AB126="Iran",12,IF(AB126="Israel",13,IF(AB126="Kuwait",14,IF(AB126="Lebanon",15,IF(AB126="Saudi Arabia",16,IF(AB126="Turkey",17,IF(AB126="Ethiopia",18,IF(AB126="Kenya",19,IF(AB126="Nigeria",20,IF(AB126="Multinational",6,""))))))))))))))))))))) -> 1 | AD126: =IF(AB126="USA",1,0) -> 1 | AE126: 1 | AF126: 7.594884 | AG126: 3.610918 | AH126: =+F126/G126 -> -3.72 | AI126: =AH126/SQRT(AH126^2+J126) -> -0.50698705 | AJ126: =+AI126/AH126 -> 0.13628684 | AK126: =1/AJ126^2 -> 53.8384 | AL126: =1/AJ126 -> 7.3374655 | AM126: 0 | AN126: 0 | AO126: 1 | AP126: =1/SQRT(J126) -> 0.15811388 | AQ126: 0 | AR126: 0 | AS126: 0 | AT126: 0 | AU126: 0 | AV126: 0 | AW126: =1/K126 -> 0.047619048 | AX126: =1/(K126*K126) -> 0.0022675737
A127: Grubb (1988) | B127: 1988 | C127: =+IF(A127=A126,C126,C126+1) -> 18 | D127: enrollment | E127: tuition | F127: -1.37 | G127: 0.3837535 | H127: 9 | I127: 47 | J127: =+I127-H127 -> 38 | K127: 21 | L127: 1979 | M127: 1979 | N127: =+L127+(M127-L127)/2 -> 1979 | O127: =+M127-L127+1 -> 1 | P127: =+LN(O126:O127) -> 0 | Q127: 36 | R127: 0 | S127: Zenner estimates | T127: =IF(S127="OLS",0,IF(S127="FE",0,IF(S127="Probit model",0,IF(S127="3SLS",1,IF(S127="Logit",0,IF(S127="2SLS",1,IF(S127="SUR method",1,IF(S127="Modified LS",0,IF(S127="Zenner estimates",1,IF(S127="MLE",0,IF(S127="GLS",0,0))))))))))) -> 1 | U127: 0 | V127: 0 | W127: 1 | X127: 1 | Y127: 0 | Z127: 0 | AA127: 0 | AB127: USA | AC127: =IF(AB127="USA",1,IF(AB127="UK",2,IF(AB127="Canada",3,IF(AB127="Germany",4,IF(AB127="Netherlands",5,IF(AB127="India",20,IF(AB127="Indonesia",7,IF(AB127="Korea",8,IF(AB127="Philippines",9,IF(AB127="Taiwan",10,IF(AB127="Greece",11,IF(AB127="Iran",12,IF(AB127="Israel",13,IF(AB127="Kuwait",14,IF(AB127="Lebanon",15,IF(AB127="Saudi Arabia",16,IF(AB127="Turkey",17,IF(AB127="Ethiopia",18,IF(AB127="Kenya",19,IF(AB127="Nigeria",20,IF(AB127="Multinational",6,""))))))))))))))))))))) -> 1 | AD127: =IF(AB127="USA",1,0) -> 1 | AE127: 1 | AF127: 7.594884 | AG127: 3.610918 | AH127: =+F127/G127 -> -3.57 | AI127: =AH127/SQRT(AH127^2+J127) -> -0.50115494 | AJ127: =+AI127/AH127 -> 0.14037953 | AK127: =1/AJ127^2 -> 50.7449 | AL127: =1/AJ127 -> 7.1235455 | AM127: 0 | AN127: 0 | AO127: 1 | AP127: =1/SQRT(J127) -> 0.16222142 | AQ127: 0 | AR127: 0 | AS127: 0 | AT127: 0 | AU127: 0 | AV127: 0 | AW127: =1/K127 -> 0.047619048 | AX127: =1/(K127*K127) -> 0.0022675737
A128: Grubb (1988) | B128: 1988 | C128: =+IF(A128=A127,C127,C127+1) -> 18 | D128: enrollment | E128: tuition | F128: 0.224 | G128: 0.078321678 | H128: 7 | I128: 47 | J128: =+I128-H128 -> 40 | K128: 21 | L128: 1979 | M128: 1979 | N128: =+L128+(M128-L128)/2 -> 1979 | O128: =+M128-L128+1 -> 1 | P128: =+LN(O127:O128) -> 0 | Q128: 36 | R128: 0 | S128: Zenner estimates | T128: =IF(S128="OLS",0,IF(S128="FE",0,IF(S128="Probit model",0,IF(S128="3SLS",1,IF(S128="Logit",0,IF(S128="2SLS",1,IF(S128="SUR method",1,IF(S128="Modified LS",0,IF(S128="Zenner estimates",1,IF(S128="MLE",0,IF(S128="GLS",0,0))))))))))) -> 1 | U128: 0 | V128: 0 | W128: 1 | X128: 1 | Y128: 0 | Z128: 0 | AA128: 0 | AB128: USA | AC128: =IF(AB128="USA",1,IF(AB128="UK",2,IF(AB128="Canada",3,IF(AB128="Germany",4,IF(AB128="Netherlands",5,IF(AB128="India",20,IF(AB128="Indonesia",7,IF(AB128="Korea",8,IF(AB128="Philippines",9,IF(AB128="Taiwan",10,IF(AB128="Greece",11,IF(AB128="Iran",12,IF(AB128="Israel",13,IF(AB128="Kuwait",14,IF(AB128="Lebanon",15,IF(AB128="Saudi Arabia",16,IF(AB128="Turkey",17,IF(AB128="Ethiopia",18,IF(AB128="Kenya",19,IF(AB128="Nigeria",20,IF(AB128="Multinational",6,""))))))))))))))))))))) -> 1 | AD128: =IF(AB128="USA",1,0) -> 1 | AE128: 1 | AF128: 7.594884 | AG128: 3.610918 | AH128: =+F128/G128 -> 2.86 | AI128: =AH128/SQRT(AH128^2+J128) -> 0.41203531 | AJ128: =+AI128/AH128 -> 0.14406829 | AK128: =1/AJ128^2 -> 48.1796 | AL128: =1/AJ128 -> 6.9411526 | AM128: 0 | AN128: 0 | AO128: 1 | AP128: =1/SQRT(J128) -> 0.15811388 | AQ128: 0 | AR128: 0 | AS128: 0 | AT128: 0 | AU128: 1 | AV128: 0 | AW128: =1/K128 -> 0.047619048 | AX128: =1/(K128*K128) -> 0.0022675737
A129: Grubb (1988) | B129: 1988 | C129: =+IF(A129=A128,C128,C128+1) -> 18 | D129: enrollment | E129: tuition | F129: 0.113 | G129: 0.072903226 | H129: 9 | I129: 47 | J129: =+I129-H129 -> 38 | K129: 21 | L129: 1979 | M129: 1979 | N129: =+L129+(M129-L129)/2 -> 1979 | O129: =+M129-L129+1 -> 1 | P129: =+LN(O128:O129) -> 0 | Q129: 36 | R129: 0 | S129: Zenner estimates | T129: =IF(S129="OLS",0,IF(S129="FE",0,IF(S129="Probit model",0,IF(S129="3SLS",1,IF(S129="Logit",0,IF(S129="2SLS",1,IF(S129="SUR method",1,IF(S129="Modified LS",0,IF(S129="Zenner estimates",1,IF(S129="MLE",0,IF(S129="GLS",0,0))))))))))) -> 1 | U129: 0 | V129: 0 | W129: 1 | X129: 1 | Y129: 0 | Z129: 0 | AA129: 0 | AB129: USA | AC129: =IF(AB129="USA",1,IF(AB129="UK",2,IF(AB129="Canada",3,IF(AB129="Germany",4,IF(AB129="Netherlands",5,IF(AB129="India",20,IF(AB129="Indonesia",7,IF(AB129="Korea",8,IF(AB129="Philippines",9,IF(AB129="Taiwan",10,IF(AB129="Greece",11,IF(AB129="Iran",12,IF(AB129="Israel",13,IF(AB129="Kuwait",14,IF(AB129="Lebanon",15,IF(AB129="Saudi Arabia",16,IF(AB129="Turkey",17,IF(AB129="Ethiopia",18,IF(AB129="Kenya",19,IF(AB129="Nigeria",20,IF(AB129="Multinational",6,""))))))))))))))))))))) -> 1 | AD129: =IF(AB129="USA",1,0) -> 1 | AE129: 1 | AF129: 7.594884 | AG129: 3.610918 | AH129: =+F129/G129 -> 1.55 | AI129: =AH129/SQRT(AH129^2+J129) -> 0.24385271 | AJ129: =+AI129/AH129 -> 0.15732433 | AK129: =1/AJ129^2 -> 40.4025 | AL129: =1/AJ129 -> 6.3562961 | AM129: 0 | AN129: 0 | AO129: 1 | AP129: =1/SQRT(J129) -> 0.16222142 | AQ129: 0 | AR129: 0 | AS129: 0 | AT129: 0 | AU129: 1 | AV129: 0 | AW129: =1/K129 -> 0.047619048 | AX129: =1/(K129*K129) -> 0.0022675737
A130: Grubb (1988) | B130: 1988 | C130: =+IF(A130=A129,C129,C129+1) -> 18 | D130: enrollment | E130: tuition | F130: -1.65 | G130: 0.43193717 | H130: 7 | I130: 47 | J130: =+I130-H130 -> 40 | K130: 21 | L130: 1979 | M130: 1979 | N130: =+L130+(M130-L130)/2 -> 1979 | O130: =+M130-L130+1 -> 1 | P130: =+LN(O129:O130) -> 0 | Q130: 36 | R130: 0 | S130: 2SLS | T130: =IF(S130="OLS",0,IF(S130="FE",0,IF(S130="Probit model",0,IF(S130="3SLS",1,IF(S130="Logit",0,IF(S130="2SLS",1,IF(S130="SUR method",1,IF(S130="Modified LS",0,IF(S130="Zenner estimates",1,IF(S130="MLE",0,IF(S130="GLS",0,0))))))))))) -> 1 | U130: 0 | V130: 0 | W130: 1 | X130: 1 | Y130: 0 | Z130: 0 | AA130: 0 | AB130: USA | AC130: =IF(AB130="USA",1,IF(AB130="UK",2,IF(AB130="Canada",3,IF(AB130="Germany",4,IF(AB130="Netherlands",5,IF(AB130="India",20,IF(AB130="Indonesia",7,IF(AB130="Korea",8,IF(AB130="Philippines",9,IF(AB130="Taiwan",10,IF(AB130="Greece",11,IF(AB130="Iran",12,IF(AB130="Israel",13,IF(AB130="Kuwait",14,IF(AB130="Lebanon",15,IF(AB130="Saudi Arabia",16,IF(AB130="Turkey",17,IF(AB130="Ethiopia",18,IF(AB130="Kenya",19,IF(AB130="Nigeria",20,IF(AB130="Multinational",6,""))))))))))))))))))))) -> 1 | AD130: =IF(AB130="USA",1,0) -> 1 | AE130: 1 | AF130: 7.594884 | AG130: 3.610918 | AH130: =+F130/G130 -> -3.82 | AI130: =AH130/SQRT(AH130^2+J130) -> -0.51700801 | AJ130: =+AI130/AH130 -> 0.13534241 | AK130: =1/AJ130^2 -> 54.5924 | AL130: =1/AJ130 -> 7.388667 | AM130: 0 | AN130: 0 | AO130: 1 | AP130: =1/SQRT(J130) -> 0.15811388 | AQ130: 0 | AR130: 0 | AS130: 0 | AT130: 0 | AU130: 0 | AV130: 0 | AW130: =1/K130 -> 0.047619048 | AX130: =1/(K130*K130) -> 0.0022675737
... A244: Hemelt & Marcotte (2011) | B244: 2011 | C244: =+IF(A244=A243,C243,C243+1) -> 19 | D244: enrollment | E244: tuition | F244: 0.1746 | G244: 0.1418 | H244: 8 | I244: 465 | J244: =+I244-H244 -> 457 | K244: 105 | L244: 1999 | M244: 2006 | N244: =+L244+(M244-L244)/2 -> 2002.5 | O244: =+M244-L244+1 -> 8 | P244: =+LN(O243:O244) -> 2.0794415 | Q244: 59 | R244: 0 | S244: FE | T244: =IF(S244="OLS",0,IF(S244="FE",0,IF(S244="Probit model",0,IF(S244="3SLS",1,IF(S244="Logit",0,IF(S244="2SLS",1,IF(S244="SUR method",1,IF(S244="Modified LS",0,IF(S244="Zenner estimates",1,IF(S244="MLE",0,IF(S244="GLS",0,0))))))))))) -> 0 | U244: 1 | V244: 1 | W244: 1 | X244: 0 | Y244: 1 | Z244: 0 | AA244: 0 | AB244: USA | AC244: =IF(AB244="USA",1,IF(AB244="UK",2,IF(AB244="Canada",3,IF(AB244="Germany",4,IF(AB244="Netherlands",5,IF(AB244="India",20,IF(AB244="Indonesia",7,IF(AB244="Korea",8,IF(AB244="Philippines",9,IF(AB244="Taiwan",10,IF(AB244="Greece",11,IF(AB244="Iran",12,IF(AB244="Israel",13,IF(AB244="Kuwait",14,IF(AB244="Lebanon",15,IF(AB244="Saudi Arabia",16,IF(AB244="Turkey",17,IF(AB244="Ethiopia",18,IF(AB244="Kenya",19,IF(AB244="Nigeria",20,IF(AB244="Multinational",6,""))))))))))))))))))))) -> 1 | AD244: =IF(AB244="USA",1,0) -> 1 | AE244: 0 | AF244: 7.606388 | AG244: 4.094345 | AH244: =+F244/G244 -> 1.2313117 | AI244: =AH244/SQRT(AH244^2+J244) -> 0.057503026 | AJ244: =+AI244/AH244 -> 0.046700625 | AK244: =1/AJ244^2 -> 458.51613 | AL244: =1/AJ244 -> 21.41299 | AM244: 0 | AN244: 1 | AO244: 0 | AP244: =1/SQRT(J244) -> 0.046778027 | AQ244: 0 | AR244: 1 | AS244: 0 | AT244: 0 | AU244: 0 | AV244: 1 | AW244: =1/K244 -> 0.0095238095 | AX244: =1/(K244*K244) -> 9.0702948e-05
A245: Hight (1975) | B245: 1975 | C245: =+IF(A245=A244,C244,C244+1) -> 20 | D245: enrollment | E245: tuition | F245: -1.783 | G245: 0.445 | H245: 4 | I245: 22 | J245: =+I245-H245 -> 18 | K245: 2 | L245: 1927 | M245: 1972 | N245: =(1927+1931+1939+1947+1951+1955+1957+1958+1959+1960+1961+1962+1963+1964+1965+1966+1967+1968+1969+1970+1971+1972)/22 -> 1958.2727 | O245: 22 | P245: =+LN(O244:O245) -> 3.0910425 | Q245: 57 | R245: 0 | S245: OLS | T245: =IF(S245="OLS",0,IF(S245="FE",0,IF(S245="Probit model",0,IF(S245="3SLS",1,IF(S245="Logit",0,IF(S245="2SLS",1,IF(S245="SUR method",1,IF(S245="Modified LS",0,IF(S245="Zenner estimates",1,IF(S245="MLE",0,IF(S245="GLS",0,0))))))))))) -> 0 | U245: 0 | V245: 1 | W245: 0 | X245: 0 | Y245: 1 | Z245: 0 | AA245: 0 | AB245: USA | AC245: =IF(AB245="USA",1,IF(AB245="UK",2,IF(AB245="Canada",3,IF(AB245="Germany",4,IF(AB245="Netherlands",5,IF(AB245="India",20,IF(AB245="Indonesia",7,IF(AB245="Korea",8,IF(AB245="Philippines",9,IF(AB245="Taiwan",10,IF(AB245="Greece",11,IF(AB245="Iran",12,IF(AB245="Israel",13,IF(AB245="Kuwait",14,IF(AB245="Lebanon",15,IF(AB245="Saudi Arabia",16,IF(AB245="Turkey",17,IF(AB245="Ethiopia",18,IF(AB245="Kenya",19,IF(AB245="Nigeria",20,IF(AB245="Multinational",6,""))))))))))))))))))))) -> 1 | AD245: =IF(AB245="USA",1,0) -> 1 | AE245: 1 | AF245: 7.588324 | AG245: 4.060443 | AH245: =+F245/G245 -> -4.0067416 | AI245: =AH245/SQRT(AH245^2+J245) -> -0.6866057 | AJ245: =+AI245/AH245 -> 0.17136261 | AK245: =1/AJ245^2 -> 34.053978 | AL245: =1/AJ245 -> 5.8355786 | AM245: 1 | AN245: 0 | AO245: 0 | AP245: =1/SQRT(J245) -> 0.23570226 | AQ245: 1 | AR245: 0 | AS245: 0 | AT245: 0 | AU245: 1 | AV245: 0 | AW245: =1/K245 -> 0.5 | AX245: =1/(K245*K245) -> 0.25
A246: Hight (1975) | B246: 1975 | C246: =+IF(A246=A245,C245,C245+1) -> 20 | D246: enrollment | E246: tuition | F246: -0.714 | G246: 0.539 | H246: 4 | I246: 22 | J246: =+I246-H246 -> 18 | K246: 2 | L246: =+L245 -> 1927 | M246: =+M245 -> 1972 | N246: =+N245 -> 1958.2727 | O246: 22 | P246: =+LN(O245:O246) -> 3.0910425 | Q246: 57 | R246: 0 | S246: OLS | T246: =IF(S246="OLS",0,IF(S246="FE",0,IF(S246="Probit model",0,IF(S246="3SLS",1,IF(S246="Logit",0,IF(S246="2SLS",1,IF(S246="SUR method",1,IF(S246="Modified LS",0,IF(S246="Zenner estimates",1,IF(S246="MLE",0,IF(S246="GLS",0,0))))))))))) -> 0 | U246: 0 | V246: 1 | W246: 0 | X246: 0 | Y246: 1 | Z246: 0 | AA246: 0 | AB246: USA | AC246: =IF(AB246="USA",1,IF(AB246="UK",2,IF(AB246="Canada",3,IF(AB246="Germany",4,IF(AB246="Netherlands",5,IF(AB246="India",20,IF(AB246="Indonesia",7,IF(AB246="Korea",8,IF(AB246="Philippines",9,IF(AB246="Taiwan",10,IF(AB246="Greece",11,IF(AB246="Iran",12,IF(AB246="Israel",13,IF(AB246="Kuwait",14,IF(AB246="Lebanon",15,IF(AB246="Saudi Arabia",16,IF(AB246="Turkey",17,IF(AB246="Ethiopia",18,IF(AB246="Kenya",19,IF(AB246="Nigeria",20,IF(AB246="Multinational",6,""))))))))))))))))))))) -> 1 | AD246: =IF(AB246="USA",1,0) -> 1 | AE246: 1 | AF246: 7.588324 | AG246: 4.060443 | AH246: =+F246/G246 -> -1.3246753 | AI246: =AH246/SQRT(AH246^2+J246) -> -0.29803929 | AJ246: =+AI246/AH246 -> 0.22499044 | AK246: =1/AJ246^2 -> 19.754765 | AL246: =1/AJ246 -> 4.4446332 | AM246: 1 | AN246: 0 | AO246: 0 | AP246: =1/SQRT(J246) -> 0.23570226 | AQ246: 1 | AR246: 0 | AS246: 0 | AT246: 0 | AU246: 0 | AV246: 1 | AW246: =1/K246 -> 0.5 | AX246: =1/(K246*K246) -> 0.25
A247: Hoenack & Pierro (1990) | B247: 1990 | C247: =+IF(A247=A246,C246,C246+1) -> 21 | D247: enrollment | E247: tuition | F247: 2.35199 | G247: 0.585054 | H247: 8 | I247: 34 | J247: =+I247-H247 -> 26 | K247: 3 | L247: 1951 | M247: 1984 | N247: =+L247+(M247-L247)/2 -> 1967.5 | O247: =+M247-L247+1 -> 34 | P247: =+LN(O246:O247) -> 3.5263605 | Q247: 80 | R247: 8 | S247: 2SLS | T247: =IF(S247="OLS",0,IF(S247="FE",0,IF(S247="Probit model",0,IF(S247="3SLS",1,IF(S247="Logit",0,IF(S247="2SLS",1,IF(S247="SUR method",1,IF(S247="Modified LS",0,IF(S247="Zenner estimates",1,IF(S247="MLE",0,IF(S247="GLS",0,0))))))))))) -> 1 | U247: 1 | V247: 0 | W247: 0 | X247: 0 | Y247: 1 | Z247: 0 | AA247: 0 | AB247: USA | AC247: =IF(AB247="USA",1,IF(AB247="UK",2,IF(AB247="Canada",3,IF(AB247="Germany",4,IF(AB247="Netherlands",5,IF(AB247="India",20,IF(AB247="Indonesia",7,IF(AB247="Korea",8,IF(AB247="Philippines",9,IF(AB247="Taiwan",10,IF(AB247="Greece",11,IF(AB247="Iran",12,IF(AB247="Israel",13,IF(AB247="Kuwait",14,IF(AB247="Lebanon",15,IF(AB247="Saudi Arabia",16,IF(AB247="Turkey",17,IF(AB247="Ethiopia",18,IF(AB247="Kenya",19,IF(AB247="Nigeria",20,IF(AB247="Multinational",6,""))))))))))))))))))))) -> 1 | AD247: =IF(AB247="USA",1,0) -> 1 | AE247: 1 | AF247: 7.59589 | AG247: 4.394449 | AH247: =+F247/G247 -> 4.0201246 | AI247: =AH247/SQRT(AH247^2+J247) -> 0.61913021 | AJ247: =+AI247/AH247 -> 0.15400772 | AK247: =1/AJ247^2 -> 42.161402 | AL247: =1/AJ247 -> 6.4931812 | AM247: 1 | AN247: 0 | AO247: 0 | AP247: =1/SQRT(J247) -> 0.19611614 | AQ247: 0 | AR247: 0 | AS247: 0 | AT247: 0 | AU247: 0 | AV247: 1 | AW247: =1/K247 -> 0.33333333 | AX247: =1/(K247*K247) -> 0.11111111
A248: Hoenack & Pierro (1990) | B248: 1990 | C248: =+IF(A248=A247,C247,C247+1) -> 21 | D248: enrollment | E248: tuition | F248: 0.712273 | G248: 0.294232 | H248: 8 | I248: 34 | J248: =+I248-H248 -> 26 | K248: 3 | L248: 1951 | M248: 1984 | N248: =+L248+(M248-L248)/2 -> 1967.5 | O248: =+M248-L248+1 -> 34 | P248: =+LN(O247:O248) -> 3.5263605 | Q248: 80 | R248: 8 | S248: 2SLS | T248: =IF(S248="OLS",0,IF(S248="FE",0,IF(S248="Probit model",0,IF(S248="3SLS",1,IF(S248="Logit",0,IF(S248="2SLS",1,IF(S248="SUR method",1,IF(S248="Modified LS",0,IF(S248="Zenner estimates",1,IF(S248="MLE",0,IF(S248="GLS",0,0))))))))))) -> 1 | U248: 1 | V248: 0 | W248: 0 | X248: 0 | Y248: 1 | Z248: 0 | AA248: 0 | AB248: USA | AC248: =IF(AB248="USA",1,IF(AB248="UK",2,IF(AB248="Canada",3,IF(AB248="Germany",4,IF(AB248="Netherlands",5,IF(AB248="India",20,IF(AB248="Indonesia",7,IF(AB248="Korea",8,IF(AB248="Philippines",9,IF(AB248="Taiwan",10,IF(AB248="Greece",11,IF(AB248="Iran",12,IF(AB248="Israel",13,IF(AB248="Kuwait",14,IF(AB248="Lebanon",15,IF(AB248="Saudi Arabia",16,IF(AB248="Turkey",17,IF(AB248="Ethiopia",18,IF(AB248="Kenya",19,IF(AB248="Nigeria",20,IF(AB248="Multinational",6,""))))))))))))))))))))) -> 1 | AD248: =IF(AB248="USA",1,0) -> 1 | AE248: 1 | AF248: 7.59589 | AG248: 4.394449 | AH248: =+F248/G248 -> 2.420787 | AI248: =AH248/SQRT(AH248^2+J248) -> 0.42887651 | AJ248: =+AI248/AH248 -> 0.17716408 | AK248: =1/AJ248^2 -> 31.86021 | AL248: =1/AJ248 -> 5.6444849 | AM248: 1 | AN248: 0 | AO248: 0 | AP248: =1/SQRT(J248) -> 0.19611614 | AQ248: 0 | AR248: 0 | AS248: 0 | AT248: 0 | AU248: 0 | AV248: 1 | AW248: =1/K248 -> 0.33333333 | AX248: =1/(K248*K248) -> 0.11111111
A249: Hoenack & Pierro (1990) | B249: 1990 | C249: =+IF(A249=A248,C248,C248+1) -> 21 | D249: enrollment | E249: tuition | F249: 1.15842 | G249: 0.453714 | H249: 8 | I249: 34 | J249: =+I249-H249 -> 26 | K249: 3 | L249: 1951 | M249: 1984 | N249: =+L249+(M249-L249)/2 -> 1967.5 | O249: =+M249-L249+1 -> 34 | P249: =+LN(O248:O249) -> 3.5263605 | Q249: 80 | R249: 8 | S249: 2SLS | T249: =IF(S249="OLS",0,IF(S249="FE",0,IF(S249="Probit model",0,IF(S249="3SLS",1,IF(S249="Logit",0,IF(S249="2SLS",1,IF(S249="SUR method",1,IF(S249="Modified LS",0,IF(S249="Zenner estimates",1,IF(S249="MLE",0,IF(S249="GLS",0,0))))))))))) -> 1 | U249: 1 | V249: 0 | W249: 0 | X249: 0 | Y249: 1 | Z249: 0 | AA249: 0 | AB249: USA | AC249: =IF(AB249="USA",1,IF(AB249="UK",2,IF(AB249="Canada",3,IF(AB249="Germany",4,IF(AB249="Netherlands",5,IF(AB249="India",20,IF(AB249="Indonesia",7,IF(AB249="Korea",8,IF(AB249="Philippines",9,IF(AB249="Taiwan",10,IF(AB249="Greece",11,IF(AB249="Iran",12,IF(AB249="Israel",13,IF(AB249="Kuwait",14,IF(AB249="Lebanon",15,IF(AB249="Saudi Arabia",16,IF(AB249="Turkey",17,IF(AB249="Ethiopia",18,IF(AB249="Kenya",19,IF(AB249="Nigeria",20,IF(AB249="Multinational",6,""))))))))))))))))))))) -> 1 | AD249: =IF(AB249="USA",1,0) -> 1 | AE249: 1 | AF249: 7.59589 | AG249: 4.394449 | AH249: =+F249/G249 -> 2.5531943 | AI249: =AH249/SQRT(AH249^2+J249) -> 0.44773042 | AJ249: =+AI249/AH249 -> 0.17536089 | AK249: =1/AJ249^2 -> 32.518801 | AL249: =1/AJ249 -> 5.7025259 | AM249: 1 | AN249: 0 | AO249: 0 | AP249: =1/SQRT(J249) -> 0.19611614 | AQ249: 0 | AR249: 0 | AS249: 0 | AT249: 0 | AU249: 0 | AV249: 1 | AW249: =1/K249 -> 0.33333333 | AX249: =1/(K249*K249) -> 0.11111111
A250: Hoenack & Weiler (1975) | B250: 1975 | C250: =+IF(A250=A249,C249,C249+1) -> 22 | D250: enrollment | E250: tuition | F250: -0.047 | G250: =F250/AH250 -> 0.028484848 | H250: 3 | I250: 25 | J250: =+I250-H250 -> 22 | K250: 4 | L250: 1948 | M250: 1972 | N250: =+L250+(M250-L250)/2 -> 1960 | O250: =+M250-L250+1 -> 25 | P250: =+LN(O249:O250) -> 3.2188758 | Q250: 3 | R250: 0 | S250: OLS | T250: =IF(S250="OLS",0,IF(S250="FE",0,IF(S250="Probit model",0,IF(S250="3SLS",1,IF(S250="Logit",0,IF(S250="2SLS",1,IF(S250="SUR method",1,IF(S250="Modified LS",0,IF(S250="Zenner estimates",1,IF(S250="MLE",0,IF(S250="GLS",0,0))))))))))) -> 0 | U250: 0 | V250: 1 | W250: 0 | X250: 0 | Y250: 0 | Z250: 1 | AA250: 0 | AB250: USA | AC250: =IF(AB250="USA",1,IF(AB250="UK",2,IF(AB250="Canada",3,IF(AB250="Germany",4,IF(AB250="Netherlands",5,IF(AB250="India",20,IF(AB250="Indonesia",7,IF(AB250="Korea",8,IF(AB250="Philippines",9,IF(AB250="Taiwan",10,IF(AB250="Greece",11,IF(AB250="Iran",12,IF(AB250="Israel",13,IF(AB250="Kuwait",14,IF(AB250="Lebanon",15,IF(AB250="Saudi Arabia",16,IF(AB250="Turkey",17,IF(AB250="Ethiopia",18,IF(AB250="Kenya",19,IF(AB250="Nigeria",20,IF(AB250="Multinational",6,""))))))))))))))))))))) -> 1 | AD250: =IF(AB250="USA",1,0) -> 1 | AE250: 1 | AF250: 7.58731 | AG250: 1.386294 | AH250: -1.65 | AI250: =AH250/SQRT(AH250^2+J250) -> -0.33184689 | AJ250: =+AI250/AH250 -> 0.20111933 | AK250: =1/AJ250^2 -> 24.7225 | AL250: =1/AJ250 -> 4.9721726 | AM250: 1 | AN250: 0 | AO250: 0 | AP250: =1/SQRT(J250) -> 0.21320072 | AQ250: 1 | AR250: 0 | AS250: 0 | AT250: 0 | AU250: 0 | AV250: 1 | AW250: =1/K250 -> 0.25 | AX250: =1/(K250*K250) -> 0.0625
A251: Hoenack & Weiler (1975) | B251: 1975 | C251: =+IF(A251=A250,C250,C250+1) -> 22 | D251: enrollment | E251: tuition | F251: -0.146 | G251: =F251/AH251 -> 0.05770751 | H251: 3 | I251: 14 | J251: =+I251-H251 -> 11 | K251: 4 | L251: 1958 | M251: 1972 | N251: =+L251+(M251-L251)/2 -> 1965 | O251: =+M251-L251+1 -> 15 | P251: =+LN(O250:O251) -> 2.7080502 | Q251: 3 | R251: 0 | S251: OLS | T251: =IF(S251="OLS",0,IF(S251="FE",0,IF(S251="Probit model",0,IF(S251="3SLS",1,IF(S251="Logit",0,IF(S251="2SLS",1,IF(S251="SUR method",1,IF(S251="Modified LS",0,IF(S251="Zenner estimates",1,IF(S251="MLE",0,IF(S251="GLS",0,0))))))))))) -> 0 | U251: 0 | V251: 1 | W251: 0 | X251: 0 | Y251: 0 | Z251: 1 | AA251: 0 | AB251: USA | AC251: =IF(AB251="USA",1,IF(AB251="UK",2,IF(AB251="Canada",3,IF(AB251="Germany",4,IF(AB251="Netherlands",5,IF(AB251="India",20,IF(AB251="Indonesia",7,IF(AB251="Korea",8,IF(AB251="Philippines",9,IF(AB251="Taiwan",10,IF(AB251="Greece",11,IF(AB251="Iran",12,IF(AB251="Israel",13,IF(AB251="Kuwait",14,IF(AB251="Lebanon",15,IF(AB251="Saudi Arabia",16,IF(AB251="Turkey",17,IF(AB251="Ethiopia",18,IF(AB251="Kenya",19,IF(AB251="Nigeria",20,IF(AB251="Multinational",6,""))))))))))))))))))))) -> 1 | AD251: =IF(AB251="USA",1,0) -> 1 | AE251: 1 | AF251: 7.58731 | AG251: 1.386294 | AH251: -2.53 | AI251: =AH251/SQRT(AH251^2+J251) -> -0.60650539 | AJ251: =+AI251/AH251 -> 0.23972545 | AK251: =1/AJ251^2 -> 17.4009 | AL251: =1/AJ251 -> 4.1714386 | AM251: 1 | AN251: 0 | AO251: 0 | AP251: =1/SQRT(J251) -> 0.30151134 | AQ251: 1 | AR251: 0 | AS251: 0 | AT251: 0 | AU251: 0 | AV251: 1 | AW251: =1/K251 -> 0.25 | AX251: =1/(K251*K251) -> 0.0625
A252: Hoenack & Weiler (1975) | B252: 1975 | C252: =+IF(A252=A251,C251,C251+1) -> 22 | D252: enrollment | E252: tuition | F252: -0.0455 | G252: =F252/AH252 -> 0.10581395 | H252: 3 | I252: 13 | J252: =+I252-H252 -> 10 | K252: 4 | L252: 1958 | M252: 1972 | N252: =+L252+(M252-L252)/2 -> 1965 | O252: =+M252-L252+1 -> 15 | P252: =+LN(O251:O252) -> 2.7080502 | Q252: 3 | R252: 0 | S252: OLS | T252: =IF(S252="OLS",0,IF(S252="FE",0,IF(S252="Probit model",0,IF(S252="3SLS",1,IF(S252="Logit",0,IF(S252="2SLS",1,IF(S252="SUR method",1,IF(S252="Modified LS",0,IF(S252="Zenner estimates",1,IF(S252="MLE",0,IF(S252="GLS",0,0))))))))))) -> 0 | U252: 0 | V252: 1 | W252: 0 | X252: 0 | Y252: 0 | Z252: 1 | AA252: 0 | AB252: USA | AC252: =IF(AB252="USA",1,IF(AB252="UK",2,IF(AB252="Canada",3,IF(AB252="Germany",4,IF(AB252="Netherlands",5,IF(AB252="India",20,IF(AB252="Indonesia",7,IF(AB252="Korea",8,IF(AB252="Philippines",9,IF(AB252="Taiwan",10,IF(AB252="Greece",11,IF(AB252="Iran",12,IF(AB252="Israel",13,IF(AB252="Kuwait",14,IF(AB252="Lebanon",15,IF(AB252="Saudi Arabia",16,IF(AB252="Turkey",17,IF(AB252="Ethiopia",18,IF(AB252="Kenya",19,IF(AB252="Nigeria",20,IF(AB252="Multinational",6,""))))))))))))))))))))) -> 1 | AD252: =IF(AB252="USA",1,0) -> 1 | AE252: 1 | AF252: 7.58731 | AG252: 1.386294 | AH252: -0.43 | AI252: =AH252/SQRT(AH252^2+J252) -> -0.13473799 | AJ252: =+AI252/AH252 -> 0.31334417 | AK252: =1/AJ252^2 -> 10.1849 | AL252: =1/AJ252 -> 3.191379 | AM252: 1 | AN252: 0 | AO252: 0 | AP252: =1/SQRT(J252) -> 0.31622777 | AQ252: 1 | AR252: 0 | AS252: 0 | AT252: 0 | AU252: 0 | AV252: 1 | AW252: =1/K252 -> 0.25 | AX252: =1/(K252*K252) -> 0.0625
A253: Hoenack & Weiler (1975) | B253: 1975 | C253: =+IF(A253=A252,C252,C252+1) -> 22 | D253: enrollment | E253: tuition | F253: -0.119 | G253: =F253/AH253 -> 0.12020202 | H253: 3 | I253: 11 | J253: =+I253-H253 -> 8 | K253: 4 | L253: 1958 | M253: 1972 | N253: =+L253+(M253-L253)/2 -> 1965 | O253: =+M253-L253+1 -> 15 | P253: =+LN(O252:O253) -> 2.7080502 | Q253: 3 | R253: 0 | S253: OLS | T253: =IF(S253="OLS",0,IF(S253="FE",0,IF(S253="Probit model",0,IF(S253="3SLS",1,IF(S253="Logit",0,IF(S253="2SLS",1,IF(S253="SUR method",1,IF(S253="Modified LS",0,IF(S253="Zenner estimates",1,IF(S253="MLE",0,IF(S253="GLS",0,0))))))))))) -> 0 | U253: 0 | V253: 1 | W253: 0 | X253: 0 | Y253: 0 | Z253: 1 | AA253: 0 | AB253: USA | AC253: =IF(AB253="USA",1,IF(AB253="UK",2,IF(AB253="Canada",3,IF(AB253="Germany",4,IF(AB253="Netherlands",5,IF(AB253="India",20,IF(AB253="Indonesia",7,IF(AB253="Korea",8,IF(AB253="Philippines",9,IF(AB253="Taiwan",10,IF(AB253="Greece",11,IF(AB253="Iran",12,IF(AB253="Israel",13,IF(AB253="Kuwait",14,IF(AB253="Lebanon",15,IF(AB253="Saudi Arabia",16,IF(AB253="Turkey",17,IF(AB253="Ethiopia",18,IF(AB253="Kenya",19,IF(AB253="Nigeria",20,IF(AB253="Multinational",6,""))))))))))))))))))))) -> 1 | AD253: =IF(AB253="USA",1,0) -> 1 | AE253: 1 | AF253: 7.58731 | AG253: 1.386294 | AH253: -0.99 | AI253: =AH253/SQRT(AH253^2+J253) -> -0.33036544 | AJ253: =+AI253/AH253 -> 0.33370246 | AK253: =1/AJ253^2 -> 8.9801 | AL253: =1/AJ253 -> 2.9966815 | AM253: 1 | AN253: 0 | AO253: 0 | AP253: =1/SQRT(J253) -> 0.35355339 | AQ253: 1 | AR253: 0 | AS253: 0 | AT253: 0 | AU253: 0 | AV253: 1 | AW253: =1/K253 -> 0.25 | AX253: =1/(K253*K253) -> 0.0625
A254: Hsing & Chang (1996) | B254: 1996 | C254: =+IF(A254=A253,C253,C253+1) -> 23 | D254: enrollment | E254: tuition | F254: -0.254 | G254: 0.1366326 | H254: 4 | I254: 27 | J254: =+I254-H254 -> 23 | K254: 3 | L254: 1964 | M254: 1990 | N254: =+L254+(M254-L254)/2 -> 1977 | O254: =+M254-L254+1 -> 27 | P254: =+LN(O253:O254) -> 3.2958369 | Q254: 27 | R254: 0 | S254: OLS | T254: =IF(S254="OLS",0,IF(S254="FE",0,IF(S254="Probit model",0,IF(S254="3SLS",1,IF(S254="Logit",0,IF(S254="2SLS",1,IF(S254="SUR method",1,IF(S254="Modified LS",0,IF(S254="Zenner estimates",1,IF(S254="MLE",0,IF(S254="GLS",0,0))))))))))) -> 0 | U254: 1 | V254: 1 | W254: 0 | X254: 0 | Y254: 1 | Z254: 0 | AA254: 0 | AB254: USA | AC254: =IF(AB254="USA",1,IF(AB254="UK",2,IF(AB254="Canada",3,IF(AB254="Germany",4,IF(AB254="Netherlands",5,IF(AB254="India",20,IF(AB254="Indonesia",7,IF(AB254="Korea",8,IF(AB254="Philippines",9,IF(AB254="Taiwan",10,IF(AB254="Greece",11,IF(AB254="Iran",12,IF(AB254="Israel",13,IF(AB254="Kuwait",14,IF(AB254="Lebanon",15,IF(AB254="Saudi Arabia",16,IF(AB254="Turkey",17,IF(AB254="Ethiopia",18,IF(AB254="Kenya",19,IF(AB254="Nigeria",20,IF(AB254="Multinational",6,""))))))))))))))))))))) -> 1 | AD254: =IF(AB254="USA",1,0) -> 1 | AE254: 1 | AF254: 7.5989 | AG254: 3.332205 | AH254: =+F254/G254 -> -1.859 | AI254: =AH254/SQRT(AH254^2+J254) -> -0.36142507 | AJ254: =+AI254/AH254 -> 0.19441908 | AK254: =1/AJ254^2 -> 26.455881 | AL254: =1/AJ254 -> 5.1435281 | AM254: 1 | AN254: 0 | AO254: 0 | AP254: =1/SQRT(J254) -> 0.20851441 | AQ254: 1 | AR254: 0 | AS254: 0 | AT254: 0 | AU254: 1 | AV254: 0 | AW254: =1/K254 -> 0.33333333 | AX254: =1/(K254*K254) -> 0.11111111
A255: Hsing & Chang (1996) | B255: 1996 | C255: =+IF(A255=A254,C254,C254+1) -> 23 | D255: enrollment | E255: tuition | F255: -0.389 | G255: 0.19068627 | H255: 4 | I255: 27 | J255: =+I255-H255 -> 23 | K255: 3 | L255: 1964 | M255: 1990 | N255: =+L255+(M255-L255)/2 -> 1977 | O255: =+M255-L255+1 -> 27 | P255: =+LN(O254:O255) -> 3.2958369 | Q255: 27 | R255: 0 | S255: OLS | T255: =IF(S255="OLS",0,IF(S255="FE",0,IF(S255="Probit model",0,IF(S255="3SLS",1,IF(S255="Logit",0,IF(S255="2SLS",1,IF(S255="SUR method",1,IF(S255="Modified LS",0,IF(S255="Zenner estimates",1,IF(S255="MLE",0,IF(S255="GLS",0,0))))))))))) -> 0 | U255: 1 | V255: 1 | W255: 0 | X255: 1 | Y255: 0 | Z255: 0 | AA255: 0 | AB255: USA | AC255: =IF(AB255="USA",1,IF(AB255="UK",2,IF(AB255="Canada",3,IF(AB255="Germany",4,IF(AB255="Netherlands",5,IF(AB255="India",20,IF(AB255="Indonesia",7,IF(AB255="Korea",8,IF(AB255="Philippines",9,IF(AB255="Taiwan",10,IF(AB255="Greece",11,IF(AB255="Iran",12,IF(AB255="Israel",13,IF(AB255="Kuwait",14,IF(AB255="Lebanon",15,IF(AB255="Saudi Arabia",16,IF(AB255="Turkey",17,IF(AB255="Ethiopia",18,IF(AB255="Kenya",19,IF(AB255="Nigeria",20,IF(AB255="Multinational",6,""))))))))))))))))))))) -> 1 | AD255: =IF(AB255="USA",1,0) -> 1 | AE255: 1 | AF255: 7.5989 | AG255: 3.332205 | AH255: =+F255/G255 -> -2.04 | AI255: =AH255/SQRT(AH255^2+J255) -> -0.39142854 | AJ255: =+AI255/AH255 -> 0.19187674 | AK255: =1/AJ255^2 -> 27.1616 | AL255: =1/AJ255 -> 5.2116792 | AM255: 1 | AN255: 0 | AO255: 0 | AP255: =1/SQRT(J255) -> 0.20851441 | AQ255: 1 | AR255: 0 | AS255: 0 | AT255: 0 | AU255: 1 | AV255: 0 | AW255: =1/K255 -> 0.33333333 | AX255: =1/(K255*K255) -> 0.11111111
A256: Hsing & Chang (1996) | B256: 1996 | C256: =+IF(A256=A255,C255,C255+1) -> 23 | D256: enrollment | E256: tuition | F256: -0.99 | G256: 0.36734694 | H256: 4 | I256: 27 | J256: =+I256-H256 -> 23 | K256: 3 | L256: 1964 | M256: 1990 | N256: =+L256+(M256-L256)/2 -> 1977 | O256: =+M256-L256+1 -> 27 | P256: =+LN(O255:O256) -> 3.2958369 | Q256: 27 | R256: 0 | S256: OLS | T256: =IF(S256="OLS",0,IF(S256="FE",0,IF(S256="Probit model",0,IF(S256="3SLS",1,IF(S256="Logit",0,IF(S256="2SLS",1,IF(S256="SUR method",1,IF(S256="Modified LS",0,IF(S256="Zenner estimates",1,IF(S256="MLE",0,IF(S256="GLS",0,0))))))))))) -> 0 | U256: 1 | V256: 1 | W256: 0 | X256: 0 | Y256: 0 | Z256: 0 | AA256: 1 | AB256: USA | AC256: =IF(AB256="USA",1,IF(AB256="UK",2,IF(AB256="Canada",3,IF(AB256="Germany",4,IF(AB256="Netherlands",5,IF(AB256="India",20,IF(AB256="Indonesia",7,IF(AB256="Korea",8,IF(AB256="Philippines",9,IF(AB256="Taiwan",10,IF(AB256="Greece",11,IF(AB256="Iran",12,IF(AB256="Israel",13,IF(AB256="Kuwait",14,IF(AB256="Lebanon",15,IF(AB256="Saudi Arabia",16,IF(AB256="Turkey",17,IF(AB256="Ethiopia",18,IF(AB256="Kenya",19,IF(AB256="Nigeria",20,IF(AB256="Multinational",6,""))))))))))))))))))))) -> 1 | AD256: =IF(AB256="USA",1,0) -> 1 | AE256: 1 | AF256: 7.5989 | AG256: 3.332205 | AH256: =+F256/G256 -> -2.695 | AI256: =AH256/SQRT(AH256^2+J256) -> -0.48989454 | AJ256: =+AI256/AH256 -> 0.18177905 | AK256: =1/AJ256^2 -> 30.263025 | AL256: =1/AJ256 -> 5.501184 | AM256: 1 | AN256: 0 | AO256: 0 | AP256: =1/SQRT(J256) -> 0.20851441 | AQ256: 1 | AR256: 0 | AS256: 0 | AT256: 0 | AU256: 1 | AV256: 0 | AW256: =1/K256 -> 0.33333333 | AX256: =1/(K256*K256) -> 0.11111111
A257: Huijsman et al. (1986) | B257: 1986 | C257: =+IF(A257=A256,C256,C256+1) -> 24 | D257: enrollment | E257: tuition | F257: -3.7e-06 | G257: =+F257/AH257 -> 3.3636364e-05 | H257: 6 | I257: 31 | J257: =+I257-H257 -> 25 | K257: 6 | L257: 1950 | M257: 1982 | N257: =+L257+(M257-L257)/2 -> 1966 | O257: =+M257-L257+1 -> 33 | P257: =+LN(O256:O257) -> 3.4965076 | Q257: 24 | R257: 0 | S257: MLE | T257: =IF(S257="OLS",0,IF(S257="FE",0,IF(S257="Probit model",0,IF(S257="3SLS",1,IF(S257="Logit",0,IF(S257="2SLS",1,IF(S257="SUR method",1,IF(S257="Modified LS",0,IF(S257="Zenner estimates",1,IF(S257="MLE",0,IF(S257="GLS",0,0))))))))))) -> 0 | U257: 0 | V257: 1 | W257: 1 | X257: 0 | Y257: 1 | Z257: 0 | AA257: 0 | AB257: Netherlands | AC257: =IF(AB257="USA",1,IF(AB257="UK",2,IF(AB257="Canada",3,IF(AB257="Germany",4,IF(AB257="Netherlands",5,IF(AB257="India",20,IF(AB257="Indonesia",7,IF(AB257="Korea",8,IF(AB257="Philippines",9,IF(AB257="Taiwan",10,IF(AB257="Greece",11,IF(AB257="Iran",12,IF(AB257="Israel",13,IF(AB257="Kuwait",14,IF(AB257="Lebanon",15,IF(AB257="Saudi Arabia",16,IF(AB257="Turkey",17,IF(AB257="Ethiopia",18,IF(AB257="Kenya",19,IF(AB257="Nigeria",20,IF(AB257="Multinational",6,""))))))))))))))))))))) -> 5 | AD257: =IF(AB257="USA",1,0) -> 0 | AE257: 1 | AF257: 7.593878 | AG257: 3.218876 | AH257: -0.11 | AI257: =AH257/SQRT(AH257^2+J257) -> -0.021994678 | AJ257: =+AI257/AH257 -> 0.19995162 | AK257: =1/AJ257^2 -> 25.0121 | AL257: =1/AJ257 -> 5.0012099 | AM257: 1 | AN257: 0 | AO257: 0 | AP257: =1/SQRT(J257) -> 0.2 | AQ257: 0 | AR257: 0 | AS257: 1 | AT257: 0 | AU257: 0 | AV257: 0 | AW257: =1/K257 -> 0.16666667 | AX257: =1/(K257*K257) -> 0.027777778
A258: Huijsman et al. (1986) | B258: 1986 | C258: =+IF(A258=A257,C257,C257+1) -> 24 | D258: enrollment | E258: tuition | F258: -0.00018 | G258: =+F258/AH258 -> 0.001125 | H258: 6 | I258: 31 | J258: =+I258-H258 -> 25 | K258: 6 | L258: 1950 | M258: 1982 | N258: =+L258+(M258-L258)/2 -> 1966 | O258: =+M258-L258+1 -> 33 | P258: =+LN(O257:O258) -> 3.4965076 | Q258: 24 | R258: 0 | S258: MLE | T258: =IF(S258="OLS",0,IF(S258="FE",0,IF(S258="Probit model",0,IF(S258="3SLS",1,IF(S258="Logit",0,IF(S258="2SLS",1,IF(S258="SUR method",1,IF(S258="Modified LS",0,IF(S258="Zenner estimates",1,IF(S258="MLE",0,IF(S258="GLS",0,0))))))))))) -> 0 | U258: 0 | V258: 1 | W258: 1 | X258: 1 | Y258: 0 | Z258: 0 | AA258: 0 | AB258: Netherlands | AC258: =IF(AB258="USA",1,IF(AB258="UK",2,IF(AB258="Canada",3,IF(AB258="Germany",4,IF(AB258="Netherlands",5,IF(AB258="India",20,IF(AB258="Indonesia",7,IF(AB258="Korea",8,IF(AB258="Philippines",9,IF(AB258="Taiwan",10,IF(AB258="Greece",11,IF(AB258="Iran",12,IF(AB258="Israel",13,IF(AB258="Kuwait",14,IF(AB258="Lebanon",15,IF(AB258="Saudi Arabia",16,IF(AB258="Turkey",17,IF(AB258="Ethiopia",18,IF(AB258="Kenya",19,IF(AB258="Nigeria",20,IF(AB258="Multinational",6,""))))))))))))))))))))) -> 5 | AD258: =IF(AB258="USA",1,0) -> 0 | AE258: 1 | AF258: 7.593878 | AG258: 3.218876 | AH258: -0.16 | AI258: =AH258/SQRT(AH258^2+J258) -> -0.031983629 | AJ258: =+AI258/AH258 -> 0.19989768 | AK258: =1/AJ258^2 -> 25.0256 | AL258: =1/AJ258 -> 5.0025593 | AM258: 1 | AN258: 0 | AO258: 0 | AP258: =1/SQRT(J258) -> 0.2 | AQ258: 0 | AR258: 0 | AS258: 1 | AT258: 0 | AU258: 0 | AV258: 0 | AW258: =1/K258 -> 0.16666667 | AX258: =1/(K258*K258) -> 0.027777778
A259: Huijsman et al. (1986) | B259: 1986 | C259: =+IF(A259=A258,C258,C258+1) -> 24 | D259: enrollment | E259: tuition | F259: -0.08 | G259: =+F259/AH259 -> 0.32 | H259: 6 | I259: 31 | J259: =+I259-H259 -> 25 | K259: 6 | L259: 1950 | M259: 1982 | N259: =+L259+(M259-L259)/2 -> 1966 | O259: =+M259-L259+1 -> 33 | P259: =+LN(O258:O259) -> 3.4965076 | Q259: 24 | R259: 0 | S259: MLE | T259: =IF(S259="OLS",0,IF(S259="FE",0,IF(S259="Probit model",0,IF(S259="3SLS",1,IF(S259="Logit",0,IF(S259="2SLS",1,IF(S259="SUR method",1,IF(S259="Modified LS",0,IF(S259="Zenner estimates",1,IF(S259="MLE",0,IF(S259="GLS",0,0))))))))))) -> 0 | U259: 0 | V259: 1 | W259: 1 | X259: 0 | Y259: 0 | Z259: 0 | AA259: 1 | AB259: Netherlands | AC259: =IF(AB259="USA",1,IF(AB259="UK",2,IF(AB259="Canada",3,IF(AB259="Germany",4,IF(AB259="Netherlands",5,IF(AB259="India",20,IF(AB259="Indonesia",7,IF(AB259="Korea",8,IF(AB259="Philippines",9,IF(AB259="Taiwan",10,IF(AB259="Greece",11,IF(AB259="Iran",12,IF(AB259="Israel",13,IF(AB259="Kuwait",14,IF(AB259="Lebanon",15,IF(AB259="Saudi Arabia",16,IF(AB259="Turkey",17,IF(AB259="Ethiopia",18,IF(AB259="Kenya",19,IF(AB259="Nigeria",20,IF(AB259="Multinational",6,""))))))))))))))))))))) -> 5 | AD259: =IF(AB259="USA",1,0) -> 0 | AE259: 1 | AF259: 7.593878 | AG259: 3.218876 | AH259: -0.25 | AI259: =AH259/SQRT(AH259^2+J259) -> -0.049937617 | AJ259: =+AI259/AH259 -> 0.19975047 | AK259: =1/AJ259^2 -> 25.0625 | AL259: =1/AJ259 -> 5.0062461 | AM259: 1 | AN259: 0 | AO259: 0 | AP259: =1/SQRT(J259) -> 0.2 | AQ259: 0 | AR259: 0 | AS259: 1 | AT259: 0 | AU259: 0 | AV259: 0 | AW259: =1/K259 -> 0.16666667 | AX259: =1/(K259*K259) -> 0.027777778
A260: Huijsman et al. (1986) | B260: 1986 | C260: =+IF(A260=A259,C259,C259+1) -> 24 | D260: enrollment | E260: tuition | F260: 2e-06 | G260: =+F260/AH260 -> 3.3333333e-05 | H260: 6 | I260: 31 | J260: =+I260-H260 -> 25 | K260: 6 | L260: 1950 | M260: 1982 | N260: =+L260+(M260-L260)/2 -> 1966 | O260: =+M260-L260+1 -> 33 | P260: =+LN(O259:O260) -> 3.4965076 | Q260: 24 | R260: 0 | S260: MLE | T260: =IF(S260="OLS",0,IF(S260="FE",0,IF(S260="Probit model",0,IF(S260="3SLS",1,IF(S260="Logit",0,IF(S260="2SLS",1,IF(S260="SUR method",1,IF(S260="Modified LS",0,IF(S260="Zenner estimates",1,IF(S260="MLE",0,IF(S260="GLS",0,0))))))))))) -> 0 | U260: 0 | V260: 1 | W260: 1 | X260: 0 | Y260: 1 | Z260: 0 | AA260: 0 | AB260: Netherlands | AC260: =IF(AB260="USA",1,IF(AB260="UK",2,IF(AB260="Canada",3,IF(AB260="Germany",4,IF(AB260="Netherlands",5,IF(AB260="India",20,IF(AB260="Indonesia",7,IF(AB260="Korea",8,IF(AB260="Philippines",9,IF(AB260="Taiwan",10,IF(AB260="Greece",11,IF(AB260="Iran",12,IF(AB260="Israel",13,IF(AB260="Kuwait",14,IF(AB260="Lebanon",15,IF(AB260="Saudi Arabia",16,IF(AB260="Turkey",17,IF(AB260="Ethiopia",18,IF(AB260="Kenya",19,IF(AB260="Nigeria",20,IF(AB260="Multinational",6,""))))))))))))))))))))) -> 5 | AD260: =IF(AB260="USA",1,0) -> 0 | AE260: 1 | AF260: 7.593878 | AG260: 3.218876 | AH260: 0.06 | AI260: =AH260/SQRT(AH260^2+J260) -> 0.011999136 | AJ260: =+AI260/AH260 -> 0.1999856 | AK260: =1/AJ260^2 -> 25.0036 | AL260: =1/AJ260 -> 5.00036 | AM260: 1 | AN260: 0 | AO260: 0 | AP260: =1/SQRT(J260) -> 0.2 | AQ260: 0 | AR260: 0 | AS260: 0 | AT260: 1 | AU260: 0 | AV260: 0 | AW260: =1/K260 -> 0.16666667 | AX260: =1/(K260*K260) -> 0.027777778
A261: Huijsman et al. (1986) | B261: 1986 | C261: =+IF(A261=A260,C260,C260+1) -> 24 | D261: enrollment | E261: tuition | F261: 0.00082 | G261: =+F261/AH261 -> 0.00328 | H261: 6 | I261: 31 | J261: =+I261-H261 -> 25 | K261: 6 | L261: 1950 | M261: 1982 | N261: =+L261+(M261-L261)/2 -> 1966 | O261: =+M261-L261+1 -> 33 | P261: =+LN(O260:O261) -> 3.4965076 | Q261: 24 | R261: 0 | S261: MLE | T261: =IF(S261="OLS",0,IF(S261="FE",0,IF(S261="Probit model",0,IF(S261="3SLS",1,IF(S261="Logit",0,IF(S261="2SLS",1,IF(S261="SUR method",1,IF(S261="Modified LS",0,IF(S261="Zenner estimates",1,IF(S261="MLE",0,IF(S261="GLS",0,0))))))))))) -> 0 | U261: 0 | V261: 1 | W261: 1 | X261: 1 | Y261: 0 | Z261: 0 | AA261: 0 | AB261: Netherlands | AC261: =IF(AB261="USA",1,IF(AB261="UK",2,IF(AB261="Canada",3,IF(AB261="Germany",4,IF(AB261="Netherlands",5,IF(AB261="India",20,IF(AB261="Indonesia",7,IF(AB261="Korea",8,IF(AB261="Philippines",9,IF(AB261="Taiwan",10,IF(AB261="Greece",11,IF(AB261="Iran",12,IF(AB261="Israel",13,IF(AB261="Kuwait",14,IF(AB261="Lebanon",15,IF(AB261="Saudi Arabia",16,IF(AB261="Turkey",17,IF(AB261="Ethiopia",18,IF(AB261="Kenya",19,IF(AB261="Nigeria",20,IF(AB261="Multinational",6,""))))))))))))))))))))) -> 5 | AD261: =IF(AB261="USA",1,0) -> 0 | AE261: 1 | AF261: 7.593878 | AG261: 3.218876 | AH261: 0.25 | AI261: =AH261/SQRT(AH261^2+J261) -> 0.049937617 | AJ261: =+AI261/AH261 -> 0.19975047 | AK261: =1/AJ261^2 -> 25.0625 | AL261: =1/AJ261 -> 5.0062461 | AM261: 1 | AN261: 0 | AO261: 0 | AP261: =1/SQRT(J261) -> 0.2 | AQ261: 0 | AR261: 0 | AS261: 0 | AT261: 1 | AU261: 0 | AV261: 0 | AW261: =1/K261 -> 0.16666667 | AX261: =1/(K261*K261) -> 0.027777778
A262: Huijsman et al. (1986) | B262: 1986 | C262: =+IF(A262=A261,C261,C261+1) -> 24 | D262: enrollment | E262: tuition | F262: -0.01 | G262: =+F262/AH262 -> 0.055555556 | H262: 6 | I262: 31 | J262: =+I262-H262 -> 25 | K262: 6 | L262: 1950 | M262: 1982 | N262: =+L262+(M262-L262)/2 -> 1966 | O262: =+M262-L262+1 -> 33 | P262: =+LN(O261:O262) -> 3.4965076 | Q262: 24 | R262: 0 | S262: MLE | T262: =IF(S262="OLS",0,IF(S262="FE",0,IF(S262="Probit model",0,IF(S262="3SLS",1,IF(S262="Logit",0,IF(S262="2SLS",1,IF(S262="SUR method",1,IF(S262="Modified LS",0,IF(S262="Zenner estimates",1,IF(S262="MLE",0,IF(S262="GLS",0,0))))))))))) -> 0 | U262: 0 | V262: 1 | W262: 1 | X262: 0 | Y262: 0 | Z262: 0 | AA262: 1 | AB262: Netherlands | AC262: =IF(AB262="USA",1,IF(AB262="UK",2,IF(AB262="Canada",3,IF(AB262="Germany",4,IF(AB262="Netherlands",5,IF(AB262="India",20,IF(AB262="Indonesia",7,IF(AB262="Korea",8,IF(AB262="Philippines",9,IF(AB262="Taiwan",10,IF(AB262="Greece",11,IF(AB262="Iran",12,IF(AB262="Israel",13,IF(AB262="Kuwait",14,IF(AB262="Lebanon",15,IF(AB262="Saudi Arabia",16,IF(AB262="Turkey",17,IF(AB262="Ethiopia",18,IF(AB262="Kenya",19,IF(AB262="Nigeria",20,IF(AB262="Multinational",6,""))))))))))))))))))))) -> 5 | AD262: =IF(AB262="USA",1,0) -> 0 | AE262: 1 | AF262: 7.593878 | AG262: 3.218876 | AH262: -0.18 | AI262: =AH262/SQRT(AH262^2+J262) -> -0.035976695 | AJ262: =+AI262/AH262 -> 0.19987053 | AK262: =1/AJ262^2 -> 25.0324 | AL262: =1/AJ262 -> 5.003239 | AM262: 1 | AN262: 0 | AO262: 0 | AP262: =1/SQRT(J262) -> 0.2 | AQ262: 0 | AR262: 0 | AS262: 0 | AT262: 1 | AU262: 0 | AV262: 0 | AW262: =1/K262 -> 0.16666667 | AX262: =1/(K262*K262) -> 0.027777778
A263: Kane (2007) | B263: 2007 | C263: =+IF(A263=A262,C262,C262+1) -> 25 | D263: enrollment | E263: tuition | F263: -0.075 | G263: 0.032 | H263: 1 | I263: 759 | J263: =+I263-H263 -> 758 | K263: 36 | L263: 1998 | M263: 2000 | N263: =+L263+(M263-L263)/2 -> 1999 | O263: =+M263-L263+1 -> 3 | P263: =+LN(O262:O263) -> 1.0986123 | Q263: 108 | R263: 5 | S263: FE | T263: =IF(S263="OLS",0,IF(S263="FE",0,IF(S263="Probit model",0,IF(S263="3SLS",1,IF(S263="Logit",0,IF(S263="2SLS",1,IF(S263="SUR method",1,IF(S263="Modified LS",0,IF(S263="Zenner estimates",1,IF(S263="MLE",0,IF(S263="GLS",0,0))))))))))) -> 0 | U263: 0 | V263: 0 | W263: 1 | X263: 0 | Y263: 0 | Z263: 1 | AA263: 0 | AB263: USA | AC263: =IF(AB263="USA",1,IF(AB263="UK",2,IF(AB263="Canada",3,IF(AB263="Germany",4,IF(AB263="Netherlands",5,IF(AB263="India",20,IF(AB263="Indonesia",7,IF(AB263="Korea",8,IF(AB263="Philippines",9,IF(AB263="Taiwan",10,IF(AB263="Greece",11,IF(AB263="Iran",12,IF(AB263="Israel",13,IF(AB263="Kuwait",14,IF(AB263="Lebanon",15,IF(AB263="Saudi Arabia",16,IF(AB263="Turkey",17,IF(AB263="Ethiopia",18,IF(AB263="Kenya",19,IF(AB263="Nigeria",20,IF(AB263="Multinational",6,""))))))))))))))))))))) -> 1 | AD263: =IF(AB263="USA",1,0) -> 1 | AE263: 1 | AF263: 7.604396 | AG263: 4.691348 | AH263: =+F263/G263 -> -2.34375 | AI263: =AH263/SQRT(AH263^2+J263) -> -0.084822039 | AJ263: =+AI263/AH263 -> 0.036190737 | AK263: =1/AJ263^2 -> 763.49316 | AL263: =1/AJ263 -> 27.63138 | AM263: 0 | AN263: 1 | AO263: 0 | AP263: =1/SQRT(J263) -> 0.036321636 | AQ263: 0 | AR263: 1 | AS263: 0 | AT263: 0 | AU263: 1 | AV263: 0 | AW263: =1/K263 -> 0.027777778 | AX263: =1/(K263*K263) -> 0.00077160494
A264: Kane (2007) | B264: 2007 | C264: =+IF(A264=A263,C263,C263+1) -> 25 | D264: enrollment | E264: tuition | F264: -0.052 | G264: 0.018 | H264: 1 | I264: 796 | J264: =+I264-H264 -> 795 | K264: 36 | L264: 2000 | M264: 2002 | N264: =+L264+(M264-L264)/2 -> 2001 | O264: =+M264-L264+1 -> 3 | P264: =+LN(O263:O264) -> 1.0986123 | Q264: 108 | R264: 5 | S264: FE | T264: =IF(S264="OLS",0,IF(S264="FE",0,IF(S264="Probit model",0,IF(S264="3SLS",1,IF(S264="Logit",0,IF(S264="2SLS",1,IF(S264="SUR method",1,IF(S264="Modified LS",0,IF(S264="Zenner estimates",1,IF(S264="MLE",0,IF(S264="GLS",0,0))))))))))) -> 0 | U264: 0 | V264: 0 | W264: 1 | X264: 0 | Y264: 0 | Z264: 1 | AA264: 0 | AB264: USA | AC264: =IF(AB264="USA",1,IF(AB264="UK",2,IF(AB264="Canada",3,IF(AB264="Germany",4,IF(AB264="Netherlands",5,IF(AB264="India",20,IF(AB264="Indonesia",7,IF(AB264="Korea",8,IF(AB264="Philippines",9,IF(AB264="Taiwan",10,IF(AB264="Greece",11,IF(AB264="Iran",12,IF(AB264="Israel",13,IF(AB264="Kuwait",14,IF(AB264="Lebanon",15,IF(AB264="Saudi Arabia",16,IF(AB264="Turkey",17,IF(AB264="Ethiopia",18,IF(AB264="Kenya",19,IF(AB264="Nigeria",20,IF(AB264="Multinational",6,""))))))))))))))))))))) -> 1 | AD264: =IF(AB264="USA",1,0) -> 1 | AE264: 1 | AF264: 7.604396 | AG264: 4.691348 | AH264: =+F264/G264 -> -2.8888889 | AI264: =AH264/SQRT(AH264^2+J264) -> -0.10192474 | AJ264: =+AI264/AH264 -> 0.03528164 | AK264: =1/AJ264^2 -> 803.34568 | AL264: =1/AJ264 -> 28.343353 | AM264: 0 | AN264: 1 | AO264: 0 | AP264: =1/SQRT(J264) -> 0.035466345 | AQ264: 0 | AR264: 1 | AS264: 0 | AT264: 0 | AU264: 0 | AV264: 0 | AW264: =1/K264 -> 0.027777778 | AX264: =1/(K264*K264) -> 0.00077160494
A265: Kane (2007) | B265: 2007 | C265: =+IF(A265=A264,C264,C264+1) -> 25 | D265: enrollment | E265: tuition | F265: -0.054 | G265: 0.012 | H265: 1 | I265: 1180 | J265: =+I265-H265 -> 1179 | K265: 36 | L265: 1998 | M265: 2002 | N265: =+L265+(M265-L265)/2 -> 2000 | O265: =+M265-L265+1 -> 5 | P265: =+LN(O264:O265) -> 1.6094379 | Q265: 108 | R265: 5 | S265: FE | T265: =IF(S265="OLS",0,IF(S265="FE",0,IF(S265="Probit model",0,IF(S265="3SLS",1,IF(S265="Logit",0,IF(S265="2SLS",1,IF(S265="SUR method",1,IF(S265="Modified LS",0,IF(S265="Zenner estimates",1,IF(S265="MLE",0,IF(S265="GLS",0,0))))))))))) -> 0 | U265: 0 | V265: 0 | W265: 1 | X265: 0 | Y265: 0 | Z265: 1 | AA265: 0 | AB265: USA | AC265: =IF(AB265="USA",1,IF(AB265="UK",2,IF(AB265="Canada",3,IF(AB265="Germany",4,IF(AB265="Netherlands",5,IF(AB265="India",20,IF(AB265="Indonesia",7,IF(AB265="Korea",8,IF(AB265="Philippines",9,IF(AB265="Taiwan",10,IF(AB265="Greece",11,IF(AB265="Iran",12,IF(AB265="Israel",13,IF(AB265="Kuwait",14,IF(AB265="Lebanon",15,IF(AB265="Saudi Arabia",16,IF(AB265="Turkey",17,IF(AB265="Ethiopia",18,IF(AB265="Kenya",19,IF(AB265="Nigeria",20,IF(AB265="Multinational",6,""))))))))))))))))))))) -> 1 | AD265: =IF(AB265="USA",1,0) -> 1 | AE265: 1 | AF265: 7.604396 | AG265: 4.691348 | AH265: =+F265/G265 -> -4.5 | AI265: =AH265/SQRT(AH265^2+J265) -> -0.12994442 | AJ265: =+AI265/AH265 -> 0.028876539 | AK265: =1/AJ265^2 -> 1199.25 | AL265: =1/AJ265 -> 34.630189 | AM265: 0 | AN265: 1 | AO265: 0 | AP265: =1/SQRT(J265) -> 0.029123469 | AQ265: 0 | AR265: 1 | AS265: 0 | AT265: 0 | AU265: 0 | AV265: 0 | AW265: =1/K265 -> 0.027777778 | AX265: =1/(K265*K265) -> 0.00077160494
A266: Kane (2007) | B266: 2007 | C266: =+IF(A266=A265,C265,C265+1) -> 25 | D266: enrollment | E266: tuition | F266: -0.069 | G266: 0.045 | H266: 1 | I266: 93 | J266: =+I266-H266 -> 92 | K266: 36 | L266: 1998 | M266: 2000 | N266: =+L266+(M266-L266)/2 -> 1999 | O266: =+M266-L266+1 -> 3 | P266: =+LN(O265:O266) -> 1.0986123 | Q266: 108 | R266: 5 | S266: FE | T266: =IF(S266="OLS",0,IF(S266="FE",0,IF(S266="Probit model",0,IF(S266="3SLS",1,IF(S266="Logit",0,IF(S266="2SLS",1,IF(S266="SUR method",1,IF(S266="Modified LS",0,IF(S266="Zenner estimates",1,IF(S266="MLE",0,IF(S266="GLS",0,0))))))))))) -> 0 | U266: 0 | V266: 0 | W266: 1 | X266: 0 | Y266: 0 | Z266: 1 | AA266: 0 | AB266: USA | AC266: =IF(AB266="USA",1,IF(AB266="UK",2,IF(AB266="Canada",3,IF(AB266="Germany",4,IF(AB266="Netherlands",5,IF(AB266="India",20,IF(AB266="Indonesia",7,IF(AB266="Korea",8,IF(AB266="Philippines",9,IF(AB266="Taiwan",10,IF(AB266="Greece",11,IF(AB266="Iran",12,IF(AB266="Israel",13,IF(AB266="Kuwait",14,IF(AB266="Lebanon",15,IF(AB266="Saudi Arabia",16,IF(AB266="Turkey",17,IF(AB266="Ethiopia",18,IF(AB266="Kenya",19,IF(AB266="Nigeria",20,IF(AB266="Multinational",6,""))))))))))))))))))))) -> 1 | AD266: =IF(AB266="USA",1,0) -> 1 | AE266: 1 | AF266: 7.604396 | AG266: 4.691348 | AH266: =+F266/G266 -> -1.5333333 | AI266: =AH266/SQRT(AH266^2+J266) -> -0.15785672 | AJ266: =+AI266/AH266 -> 0.10295003 | AK266: =1/AJ266^2 -> 94.351111 | AL266: =1/AJ266 -> 9.71345 | AM266: 0 | AN266: 1 | AO266: 0 | AP266: =1/SQRT(J266) -> 0.10425721 | AQ266: 0 | AR266: 1 | AS266: 0 | AT266: 0 | AU266: 1 | AV266: 0 | AW266: =1/K266 -> 0.027777778 | AX266: =1/(K266*K266) -> 0.00077160494
A267: Kane (2007) | B267: 2007 | C267: =+IF(A267=A266,C266,C266+1) -> 25 | D267: enrollment | E267: tuition | F267: -0.105 | G267: 0.03 | H267: 1 | I267: 96 | J267: =+I267-H267 -> 95 | K267: 36 | L267: 2000 | M267: 2002 | N267: =+L267+(M267-L267)/2 -> 2001 | O267: =+M267-L267+1 -> 3 | P267: =+LN(O266:O267) -> 1.0986123 | Q267: 108 | R267: 5 | S267: FE | T267: =IF(S267="OLS",0,IF(S267="FE",0,IF(S267="Probit model",0,IF(S267="3SLS",1,IF(S267="Logit",0,IF(S267="2SLS",1,IF(S267="SUR method",1,IF(S267="Modified LS",0,IF(S267="Zenner estimates",1,IF(S267="MLE",0,IF(S267="GLS",0,0))))))))))) -> 0 | U267: 0 | V267: 0 | W267: 1 | X267: 0 | Y267: 0 | Z267: 1 | AA267: 0 | AB267: USA | AC267: =IF(AB267="USA",1,IF(AB267="UK",2,IF(AB267="Canada",3,IF(AB267="Germany",4,IF(AB267="Netherlands",5,IF(AB267="India",20,IF(AB267="Indonesia",7,IF(AB267="Korea",8,IF(AB267="Philippines",9,IF(AB267="Taiwan",10,IF(AB267="Greece",11,IF(AB267="Iran",12,IF(AB267="Israel",13,IF(AB267="Kuwait",14,IF(AB267="Lebanon",15,IF(AB267="Saudi Arabia",16,IF(AB267="Turkey",17,IF(AB267="Ethiopia",18,IF(AB267="Kenya",19,IF(AB267="Nigeria",20,IF(AB267="Multinational",6,""))))))))))))))))))))) -> 1 | AD267: =IF(AB267="USA",1,0) -> 1 | AE267: 1 | AF267: 7.604396 | AG267: 4.691348 | AH267: =+F267/G267 -> -3.5 | AI267: =AH267/SQRT(AH267^2+J267) -> -0.33796318 | AJ267: =+AI267/AH267 -> 0.09656091 | AK267: =1/AJ267^2 -> 107.25 | AL267: =1/AJ267 -> 10.356158 | AM267: 0 | AN267: 1 | AO267: 0 | AP267: =1/SQRT(J267) -> 0.10259784 | AQ267: 0 | AR267: 1 | AS267: 0 | AT267: 0 | AU267: 0 | AV267: 0 | AW267: =1/K267 -> 0.027777778 | AX267: =1/(K267*K267) -> 0.00077160494
A268: Kane (2007) | B268: 2007 | C268: =+IF(A268=A267,C267,C267+1) -> 25 | D268: enrollment | E268: tuition | F268: -0.074 | G268: 0.024 | H268: 1 | I268: 145 | J268: =+I268-H268 -> 144 | K268: 36 | L268: 1998 | M268: 2002 | N268: =+L268+(M268-L268)/2 -> 2000 | O268: =+M268-L268+1 -> 5 | P268: =+LN(O267:O268) -> 1.6094379 | Q268: 108 | R268: 5 | S268: FE | T268: =IF(S268="OLS",0,IF(S268="FE",0,IF(S268="Probit model",0,IF(S268="3SLS",1,IF(S268="Logit",0,IF(S268="2SLS",1,IF(S268="SUR method",1,IF(S268="Modified LS",0,IF(S268="Zenner estimates",1,IF(S268="MLE",0,IF(S268="GLS",0,0))))))))))) -> 0 | U268: 0 | V268: 0 | W268: 1 | X268: 0 | Y268: 0 | Z268: 1 | AA268: 0 | AB268: USA | AC268: =IF(AB268="USA",1,IF(AB268="UK",2,IF(AB268="Canada",3,IF(AB268="Germany",4,IF(AB268="Netherlands",5,IF(AB268="India",20,IF(AB268="Indonesia",7,IF(AB268="Korea",8,IF(AB268="Philippines",9,IF(AB268="Taiwan",10,IF(AB268="Greece",11,IF(AB268="Iran",12,IF(AB268="Israel",13,IF(AB268="Kuwait",14,IF(AB268="Lebanon",15,IF(AB268="Saudi Arabia",16,IF(AB268="Turkey",17,IF(AB268="Ethiopia",18,IF(AB268="Kenya",19,IF(AB268="Nigeria",20,IF(AB268="Multinational",6,""))))))))))))))))))))) -> 1 | AD268: =IF(AB268="USA",1,0) -> 1 | AE268: 1 | AF268: 7.604396 | AG268: 4.691348 | AH268: =+F268/G268 -> -3.0833333 | AI268: =AH268/SQRT(AH268^2+J268) -> -0.24886078 | AJ268: =+AI268/AH268 -> 0.080711606 | AK268: =1/AJ268^2 -> 153.50694 | AL268: =1/AJ268 -> 12.389792 | AM268: 0 | AN268: 1 | AO268: 0 | AP268: =1/SQRT(J268) -> 0.083333333 | AQ268: 0 | AR268: 1 | AS268: 0 | AT268: 0 | AU268: 0 | AV268: 0 | AW268: =1/K268 -> 0.027777778 | AX268: =1/(K268*K268) -> 0.00077160494
...

Sheet bma_nobs
A1: =+bma!A1 -> pcc | B1: =+bma!B1 -> pcc_se | C1: =+bma!C1 -> shortrun | D1: =+bma!D1 -> ols | E1: =+bma!E1 -> endogeneity | F1: =+bma!F1 -> linear | G1: =+bma!G1 -> doublelog | H1: =+bma!H1 -> unemployment | I1: =+bma!I1 -> income | J1: =+bma!L1 -> cross | K1: =+bma!M1 -> panel | L1: =+bma!J1 -> male | M1: =+bma!K1 -> female | N1: =+bma!N1 -> private | O1: =+bma!O1 -> public | P1: =+bma!P1 -> usa | Q1: =+bma!Q1 -> ln_pub_year | R1: =+bma!R1 -> ln_google | S1: =+bma!S1 -> published
A2: =+bma!A2/data!$K2 -> 0.0030994991 | B2: =+bma!B2/data!$K2 -> 0.0088701112 | C2: =+bma!C2/data!$K2 -> 0 | D2: =+bma!D2/data!$K2 -> 0.033333333 | E2: =+bma!E2/data!$K2 -> 0 | F2: =+bma!F2/data!$K2 -> 0 | G2: =+bma!G2/data!$K2 -> 0.033333333 | H2: =+bma!H2/data!$K2 -> 0 | I2: =+bma!I2/data!$K2 -> 0 | J2: =+bma!L2/data!$K2 -> 0 | K2: =+bma!M2/data!$K2 -> 0 | L2: =+bma!J2/data!$K2 -> 0 | M2: =+bma!K2/data!$K2 -> 0 | N2: =+bma!N2/data!$K2 -> 0 | O2: =+bma!O2/data!$K2 -> 0 | P2: =+bma!P2/data!$K2 -> 0.033333333 | Q2: =+bma!Q2/data!$K2 -> 0.25311247 | R2: =+bma!R2/data!$K2 -> 0.15544797 | S2: =+bma!S2/data!$K2 -> 0.033333333
A3: =+bma!A3/data!$K3 -> -0.0079499074 | B3: =+bma!B3/data!$K3 -> 0.0086516311 | C3: =+bma!C3/data!$K3 -> 0 | D3: =+bma!D3/data!$K3 -> 0.033333333 | E3: =+bma!E3/data!$K3 -> 0 | F3: =+bma!F3/data!$K3 -> 0 | G3: =+bma!G3/data!$K3 -> 0.033333333 | H3: =+bma!H3/data!$K3 -> 0 | I3: =+bma!I3/data!$K3 -> 0 | J3: =+bma!L3/data!$K3 -> 0 | K3: =+bma!M3/data!$K3 -> 0 | L3: =+bma!J3/data!$K3 -> 0 | M3: =+bma!K3/data!$K3 -> 0 | N3: =+bma!N3/data!$K3 -> 0 | O3: =+bma!O3/data!$K3 -> 0 | P3: =+bma!P3/data!$K3 -> 0.033333333 | Q3: =+bma!Q3/data!$K3 -> 0.25311247 | R3: =+bma!R3/data!$K3 -> 0.15544797 | S3: =+bma!S3/data!$K3 -> 0.033333333
A4: =+bma!A4/data!$K4 -> -0.024512716 | B4: =+bma!B4/data!$K4 -> 0.006037016 | C4: =+bma!C4/data!$K4 -> 0 | D4: =+bma!D4/data!$K4 -> 0.033333333 | E4: =+bma!E4/data!$K4 -> 0 | F4: =+bma!F4/data!$K4 -> 0 | G4: =+bma!G4/data!$K4 -> 0.033333333 | H4: =+bma!H4/data!$K4 -> 0 | I4: =+bma!I4/data!$K4 -> 0 | J4: =+bma!L4/data!$K4 -> 0 | K4: =+bma!M4/data!$K4 -> 0 | L4: =+bma!J4/data!$K4 -> 0 | M4: =+bma!K4/data!$K4 -> 0 | N4: =+bma!N4/data!$K4 -> 0 | O4: =+bma!O4/data!$K4 -> 0 | P4: =+bma!P4/data!$K4 -> 0.033333333 | Q4: =+bma!Q4/data!$K4 -> 0.25311247 | R4: =+bma!R4/data!$K4 -> 0.15544797 | S4: =+bma!S4/data!$K4 -> 0.033333333
A5: =+bma!A5/data!$K5 -> -0.016362236 | B5: =+bma!B5/data!$K5 -> 0.0077615736 | C5: =+bma!C5/data!$K5 -> 0 | D5: =+bma!D5/data!$K5 -> 0.033333333 | E5: =+bma!E5/data!$K5 -> 0 | F5: =+bma!F5/data!$K5 -> 0 | G5: =+bma!G5/data!$K5 -> 0.033333333 | H5: =+bma!H5/data!$K5 -> 0 | I5: =+bma!I5/data!$K5 -> 0 | J5: =+bma!L5/data!$K5 -> 0 | K5: =+bma!M5/data!$K5 -> 0 | L5: =+bma!J5/data!$K5 -> 0 | M5: =+bma!K5/data!$K5 -> 0 | N5: =+bma!N5/data!$K5 -> 0 | O5: =+bma!O5/data!$K5 -> 0 | P5: =+bma!P5/data!$K5 -> 0.033333333 | Q5: =+bma!Q5/data!$K5 -> 0.25311247 | R5: =+bma!R5/data!$K5 -> 0.15544797 | S5: =+bma!S5/data!$K5 -> 0.033333333
A6: =+bma!A6/data!$K6 -> -0.0099322482 | B6: =+bma!B6/data!$K6 -> 0.0085040392 | C6: =+bma!C6/data!$K6 -> 0 | D6: =+bma!D6/data!$K6 -> 0.033333333 | E6: =+bma!E6/data!$K6 -> 0 | F6: =+bma!F6/data!$K6 -> 0 | G6: =+bma!G6/data!$K6 -> 0.033333333 | H6: =+bma!H6/data!$K6 -> 0 | I6: =+bma!I6/data!$K6 -> 0 | J6: =+bma!L6/data!$K6 -> 0 | K6: =+bma!M6/data!$K6 -> 0 | L6: =+bma!J6/data!$K6 -> 0 | M6: =+bma!K6/data!$K6 -> 0 | N6: =+bma!N6/data!$K6 -> 0 | O6: =+bma!O6/data!$K6 -> 0 | P6: =+bma!P6/data!$K6 -> 0.033333333 | Q6: =+bma!Q6/data!$K6 -> 0.25311247 | R6: =+bma!R6/data!$K6 -> 0.15544797 | S6: =+bma!S6/data!$K6 -> 0.033333333
A7: =+bma!A7/data!$K7 -> -0.025056635 | B7: =+bma!B7/data!$K7 -> 0.0058753489 | C7: =+bma!C7/data!$K7 -> 0 | D7: =+bma!D7/data!$K7 -> 0.033333333 | E7: =+bma!E7/data!$K7 -> 0 | F7: =+bma!F7/data!$K7 -> 0 | G7: =+bma!G7/data!$K7 -> 0.033333333 | H7: =+bma!H7/data!$K7 -> 0 | I7: =+bma!I7/data!$K7 -> 0 | J7: =+bma!L7/data!$K7 -> 0 | K7: =+bma!M7/data!$K7 -> 0 | L7: =+bma!J7/data!$K7 -> 0 | M7: =+bma!K7/data!$K7 -> 0 | N7: =+bma!N7/data!$K7 -> 0 | O7: =+bma!O7/data!$K7 -> 0 | P7: =+bma!P7/data!$K7 -> 0.033333333 | Q7: =+bma!Q7/data!$K7 -> 0.25311247 | R7: =+bma!R7/data!$K7 -> 0.15544797 | S7: =+bma!S7/data!$K7 -> 0.033333333
A8: =+bma!A8/data!$K8 -> -0.026026157 | B8: =+bma!B8/data!$K8 -> 0.0055661622 | C8: =+bma!C8/data!$K8 -> 0 | D8: =+bma!D8/data!$K8 -> 0.033333333 | E8: =+bma!E8/data!$K8 -> 0 | F8: =+bma!F8/data!$K8 -> 0 | G8: =+bma!G8/data!$K8 -> 0.033333333 | H8: =+bma!H8/data!$K8 -> 0 | I8: =+bma!I8/data!$K8 -> 0 | J8: =+bma!L8/data!$K8 -> 0 | K8: =+bma!M8/data!$K8 -> 0 | L8: =+bma!J8/data!$K8 -> 0 | M8: =+bma!K8/data!$K8 -> 0 | N8: =+bma!N8/data!$K8 -> 0 | O8: =+bma!O8/data!$K8 -> 0 | P8: =+bma!P8/data!$K8 -> 0.033333333 | Q8: =+bma!Q8/data!$K8 -> 0.25311247 | R8: =+bma!R8/data!$K8 -> 0.15544797 | S8: =+bma!S8/data!$K8 -> 0.033333333
A9: =+bma!A9/data!$K9 -> -0.017222204 | B9: =+bma!B9/data!$K9 -> 0.0076275198 | C9: =+bma!C9/data!$K9 -> 0 | D9: =+bma!D9/data!$K9 -> 0.033333333 | E9: =+bma!E9/data!$K9 -> 0 | F9: =+bma!F9/data!$K9 -> 0 | G9: =+bma!G9/data!$K9 -> 0.033333333 | H9: =+bma!H9/data!$K9 -> 0 | I9: =+bma!I9/data!$K9 -> 0 | J9: =+bma!L9/data!$K9 -> 0 | K9: =+bma!M9/data!$K9 -> 0 | L9: =+bma!J9/data!$K9 -> 0 | M9: =+bma!K9/data!$K9 -> 0 | N9: =+bma!N9/data!$K9 -> 0 | O9: =+bma!O9/data!$K9 -> 0 | P9: =+bma!P9/data!$K9 -> 0.033333333 | Q9: =+bma!Q9/data!$K9 -> 0.25311247 | R9: =+bma!R9/data!$K9 -> 0.15544797 | S9: =+bma!S9/data!$K9 -> 0.033333333
A10: =+bma!A10/data!$K10 -> -0.0016145729 | B10: =+bma!B10/data!$K10 -> 0.0088982513 | C10: =+bma!C10/data!$K10 -> 0 | D10: =+bma!D10/data!$K10 -> 0.033333333 | E10: =+bma!E10/data!$K10 -> 0 | F10: =+bma!F10/data!$K10 -> 0 | G10: =+bma!G10/data!$K10 -> 0.033333333 | H10: =+bma!H10/data!$K10 -> 0 | I10: =+bma!I10/data!$K10 -> 0 | J10: =+bma!L10/data!$K10 -> 0 | K10: =+bma!M10/data!$K10 -> 0 | L10: =+bma!J10/data!$K10 -> 0 | M10: =+bma!K10/data!$K10 -> 0 | N10: =+bma!N10/data!$K10 -> 0 | O10: =+bma!O10/data!$K10 -> 0 | P10: =+bma!P10/data!$K10 -> 0.033333333 | Q10: =+bma!Q10/data!$K10 -> 0.25311247 | R10: =+bma!R10/data!$K10 -> 0.15544797 | S10: =+bma!S10/data!$K10 -> 0.033333333
A11: =+bma!A11/data!$K11 -> -0.025788367 | B11: =+bma!B11/data!$K11 -> 0.005644664 | C11: =+bma!C11/data!$K11 -> 0 | D11: =+bma!D11/data!$K11 -> 0.033333333 | E11: =+bma!E11/data!$K11 -> 0 | F11: =+bma!F11/data!$K11 -> 0 | G11: =+bma!G11/data!$K11 -> 0.033333333 | H11: =+bma!H11/data!$K11 -> 0 | I11: =+bma!I11/data!$K11 -> 0 | J11: =+bma!L11/data!$K11 -> 0 | K11: =+bma!M11/data!$K11 -> 0 | L11: =+bma!J11/data!$K11 -> 0 | M11: =+bma!K11/data!$K11 -> 0 | N11: =+bma!N11/data!$K11 -> 0 | O11: =+bma!O11/data!$K11 -> 0 | P11: =+bma!P11/data!$K11 -> 0.033333333 | Q11: =+bma!Q11/data!$K11 -> 0.25311247 | R11: =+bma!R11/data!$K11 -> 0.15544797 | S11: =+bma!S11/data!$K11 -> 0.033333333
A12: =+bma!A12/data!$K12 -> -0.030232211 | B12: =+bma!B12/data!$K12 -> 0.0037523759 | C12: =+bma!C12/data!$K12 -> 0 | D12: =+bma!D12/data!$K12 -> 0.033333333 | E12: =+bma!E12/data!$K12 -> 0 | F12: =+bma!F12/data!$K12 -> 0 | G12: =+bma!G12/data!$K12 -> 0.033333333 | H12: =+bma!H12/data!$K12 -> 0 | I12: =+bma!I12/data!$K12 -> 0 | J12: =+bma!L12/data!$K12 -> 0 | K12: =+bma!M12/data!$K12 -> 0 | L12: =+bma!J12/data!$K12 -> 0 | M12: =+bma!K12/data!$K12 -> 0 | N12: =+bma!N12/data!$K12 -> 0 | O12: =+bma!O12/data!$K12 -> 0 | P12: =+bma!P12/data!$K12 -> 0.033333333 | Q12: =+bma!Q12/data!$K12 -> 0.25311247 | R12: =+bma!R12/data!$K12 -> 0.15544797 | S12: =+bma!S12/data!$K12 -> 0.033333333
A13: =+bma!A13/data!$K13 -> -0.030302972 | B13: =+bma!B13/data!$K13 -> 0.0037113824 | C13: =+bma!C13/data!$K13 -> 0 | D13: =+bma!D13/data!$K13 -> 0.033333333 | E13: =+bma!E13/data!$K13 -> 0 | F13: =+bma!F13/data!$K13 -> 0 | G13: =+bma!G13/data!$K13 -> 0.033333333 | H13: =+bma!H13/data!$K13 -> 0 | I13: =+bma!I13/data!$K13 -> 0 | J13: =+bma!L13/data!$K13 -> 0 | K13: =+bma!M13/data!$K13 -> 0 | L13: =+bma!J13/data!$K13 -> 0 | M13: =+bma!K13/data!$K13 -> 0 | N13: =+bma!N13/data!$K13 -> 0 | O13: =+bma!O13/data!$K13 -> 0 | P13: =+bma!P13/data!$K13 -> 0.033333333 | Q13: =+bma!Q13/data!$K13 -> 0.25311247 | R13: =+bma!R13/data!$K13 -> 0.15544797 | S13: =+bma!S13/data!$K13 -> 0.033333333
... A443: =+bma!A443/data!$K443 -> 0.35355339 | B443: =+bma!B443/data!$K443 -> 0.050507627 | C443: =+bma!C443/data!$K443 -> 0.5 | D443: =+bma!D443/data!$K443 -> 0.5 | E443: =+bma!E443/data!$K443 -> 0 | F443: =+bma!F443/data!$K443 -> 0.5 | G443: =+bma!G443/data!$K443 -> 0 | H443: =+bma!H443/data!$K443 -> 0 | I443: =+bma!I443/data!$K443 -> 0.5 | J443: =+bma!L443/data!$K443 -> 0.5 | K443: =+bma!M443/data!$K443 -> 0 | L443: =+bma!J443/data!$K443 -> 0 | M443: =+bma!K443/data!$K443 -> 0 | N443: =+bma!N443/data!$K443 -> 0 | O443: =+bma!O443/data!$K443 -> 0.5 | P443: =+bma!P443/data!$K443 -> 0.5 | Q443: =+bma!Q443/data!$K443 -> 3.7928945 | R443: =+bma!R443/data!$K443 -> 2.249905 | S443: =+bma!S443/data!$K443 -> 0.5

Sheet bma
A1: =+data!AI1 -> pcc | B1: =+data!AJ1 -> pcc_se | C1: =+data!W1 -> shortrun | D1: =+data!AQ1 -> ols | E1: =+data!T1 -> endogeneity | F1: =+data!X1 -> linear | G1: =+data!Y1 -> doublelog | H1: =+data!U1 -> unemployment | I1: =+data!V1 -> income | J1: =+data!AS1 -> male | K1: =+data!AT1 -> female | L1: =+data!AO1 -> cross | M1: =+data!AN1 -> panel | N1: =+data!AU1 -> private | O1: public | P1: =+data!AD1 -> usa | Q1: =+data!AF1 -> ln_pub_year | R1: =+data!AG1 -> ln_google | S1: =+data!AE1 -> published
A2: =+data!AI2 -> 0.092984972 | B2: =+data!AJ2 -> 0.26610334 | C2: =+data!W2 -> 0 | D2: =+data!AQ2 -> 1 | E2: =+data!T2 -> 0 | F2: =+data!X2 -> 0 | G2: =+data!Y2 -> 1 | H2: =+data!U2 -> 0 | I2: =+data!V2 -> 0 | J2: =+data!AS2 -> 0 | K2: =+data!AT2 -> 0 | L2: =+data!AO2 -> 0 | M2: =+data!AN2 -> 0 | N2: =+data!AU2 -> 0 | O2: =+data!AV2 -> 0 | P2: =+data!AD2 -> 1 | Q2: =+data!AF2 -> 7.593374 | R2: =+data!AG2 -> 4.663439 | S2: =+data!AE2 -> 1
A3: =+data!AI3 -> -0.23849722 | B3: =+data!AJ3 -> 0.25954893 | C3: =+data!W3 -> 0 | D3: =+data!AQ3 -> 1 | E3: =+data!T3 -> 0 | F3: =+data!X3 -> 0 | G3: =+data!Y3 -> 1 | H3: =+data!U3 -> 0 | I3: =+data!V3 -> 0 | J3: =+data!AS3 -> 0 | K3: =+data!AT3 -> 0 | L3: =+data!AO3 -> 0 | M3: =+data!AN3 -> 0 | N3: =+data!AU3 -> 0 | O3: =+data!AV3 -> 0 | P3: =+data!AD3 -> 1 | Q3: =+data!AF3 -> 7.593374 | R3: =+data!AG3 -> 4.663439 | S3: =+data!AE3 -> 1
A4: =+data!AI4 -> -0.73538148 | B4: =+data!AJ4 -> 0.18111048 | C4: =+data!W4 -> 0 | D4: =+data!AQ4 -> 1 | E4: =+data!T4 -> 0 | F4: =+data!X4 -> 0 | G4: =+data!Y4 -> 1 | H4: =+data!U4 -> 0 | I4: =+data!V4 -> 0 | J4: =+data!AS4 -> 0 | K4: =+data!AT4 -> 0 | L4: =+data!AO4 -> 0 | M4: =+data!AN4 -> 0 | N4: =+data!AU4 -> 0 | O4: =+data!AV4 -> 0 | P4: =+data!AD4 -> 1 | Q4: =+data!AF4 -> 7.593374 | R4: =+data!AG4 -> 4.663439 | S4: =+data!AE4 -> 1
A5: =+data!AI5 -> -0.49086708 | B5: =+data!AJ5 -> 0.23284721 | C5: =+data!W5 -> 0 | D5: =+data!AQ5 -> 1 | E5: =+data!T5 -> 0 | F5: =+data!X5 -> 0 | G5: =+data!Y5 -> 1 | H5: =+data!U5 -> 0 | I5: =+data!V5 -> 0 | J5: =+data!AS5 -> 0 | K5: =+data!AT5 -> 0 | L5: =+data!AO5 -> 0 | M5: =+data!AN5 -> 0 | N5: =+data!AU5 -> 0 | O5: =+data!AV5 -> 0 | P5: =+data!AD5 -> 1 | Q5: =+data!AF5 -> 7.593374 | R5: =+data!AG5 -> 4.663439 | S5: =+data!AE5 -> 1
A6: =+data!AI6 -> -0.29796745 | B6: =+data!AJ6 -> 0.25512118 | C6: =+data!W6 -> 0 | D6: =+data!AQ6 -> 1 | E6: =+data!T6 -> 0 | F6: =+data!X6 -> 0 | G6: =+data!Y6 -> 1 | H6: =+data!U6 -> 0 | I6: =+data!V6 -> 0 | J6: =+data!AS6 -> 0 | K6: =+data!AT6 -> 0 | L6: =+data!AO6 -> 0 | M6: =+data!AN6 -> 0 | N6: =+data!AU6 -> 0 | O6: =+data!AV6 -> 0 | P6: =+data!AD6 -> 1 | Q6: =+data!AF6 -> 7.593374 | R6: =+data!AG6 -> 4.663439 | S6: =+data!AE6 -> 1
A7: =+data!AI7 -> -0.75169905 | B7: =+data!AJ7 -> 0.17626047 | C7: =+data!W7 -> 0 | D7: =+data!AQ7 -> 1 | E7: =+data!T7 -> 0 | F7: =+data!X7 -> 0 | G7: =+data!Y7 -> 1 | H7: =+data!U7 -> 0 | I7: =+data!V7 -> 0 | J7: =+data!AS7 -> 0 | K7: =+data!AT7 -> 0 | L7: =+data!AO7 -> 0 | M7: =+data!AN7 -> 0 | N7: =+data!AU7 -> 0 | O7: =+data!AV7 -> 0 | P7: =+data!AD7 -> 1 | Q7: =+data!AF7 -> 7.593374 | R7: =+data!AG7 -> 4.663439 | S7: =+data!AE7 -> 1
A8: =+data!AI8 -> -0.78078471 | B8: =+data!AJ8 -> 0.16698487 | C8: =+data!W8 -> 0 | D8: =+data!AQ8 -> 1 | E8: =+data!T8 -> 0 | F8: =+data!X8 -> 0 | G8: =+data!Y8 -> 1 | H8: =+data!U8 -> 0 | I8: =+data!V8 -> 0 | J8: =+data!AS8 -> 0 | K8: =+data!AT8 -> 0 | L8: =+data!AO8 -> 0 | M8: =+data!AN8 -> 0 | N8: =+data!AU8 -> 0 | O8: =+data!AV8 -> 0 | P8: =+data!AD8 -> 1 | Q8: =+data!AF8 -> 7.593374 | R8: =+data!AG8 -> 4.663439 | S8: =+data!AE8 -> 1
A9: =+data!AI9 -> -0.51666611 | B9: =+data!AJ9 -> 0.22882559 | C9: =+data!W9 -> 0 | D9: =+data!AQ9 -> 1 | E9: =+data!T9 -> 0 | F9: =+data!X9 -> 0 | G9: =+data!Y9 -> 1 | H9: =+data!U9 -> 0 | I9: =+data!V9 -> 0 | J9: =+data!AS9 -> 0 | K9: =+data!AT9 -> 0 | L9: =+data!AO9 -> 0 | M9: =+data!AN9 -> 0 | N9: =+data!AU9 -> 0 | O9: =+data!AV9 -> 0 | P9: =+data!AD9 -> 1 | Q9: =+data!AF9 -> 7.593374 | R9: =+data!AG9 -> 4.663439 | S9: =+data!AE9 -> 1
A10: =+data!AI10 -> -0.048437186 | B10: =+data!AJ10 -> 0.26694754 | C10: =+data!W10 -> 0 | D10: =+data!AQ10 -> 1 | E10: =+data!T10 -> 0 | F10: =+data!X10 -> 0 | G10: =+data!Y10 -> 1 | H10: =+data!U10 -> 0 | I10: =+data!V10 -> 0 | J10: =+data!AS10 -> 0 | K10: =+data!AT10 -> 0 | L10: =+data!AO10 -> 0 | M10: =+data!AN10 -> 0 | N10: =+data!AU10 -> 0 | O10: =+data!AV10 -> 0 | P10: =+data!AD10 -> 1 | Q10: =+data!AF10 -> 7.593374 | R10: =+data!AG10 -> 4.663439 | S10: =+data!AE10 -> 1
A11: =+data!AI11 -> -0.77365101 | B11: =+data!AJ11 -> 0.16933992 | C11: =+data!W11 -> 0 | D11: =+data!AQ11 -> 1 | E11: =+data!T11 -> 0 | F11: =+data!X11 -> 0 | G11: =+data!Y11 -> 1 | H11: =+data!U11 -> 0 | I11: =+data!V11 -> 0 | J11: =+data!AS11 -> 0 | K11: =+data!AT11 -> 0 | L11: =+data!AO11 -> 0 | M11: =+data!AN11 -> 0 | N11: =+data!AU11 -> 0 | O11: =+data!AV11 -> 0 | P11: =+data!AD11 -> 1 | Q11: =+data!AF11 -> 7.593374 | R11: =+data!AG11 -> 4.663439 | S11: =+data!AE11 -> 1
A12: =+data!AI12 -> -0.90696632 | B12: =+data!AJ12 -> 0.11257128 | C12: =+data!W12 -> 0 | D12: =+data!AQ12 -> 1 | E12: =+data!T12 -> 0 | F12: =+data!X12 -> 0 | G12: =+data!Y12 -> 1 | H12: =+data!U12 -> 0 | I12: =+data!V12 -> 0 | J12: =+data!AS12 -> 0 | K12: =+data!AT12 -> 0 | L12: =+data!AO12 -> 0 | M12: =+data!AN12 -> 0 | N12: =+data!AU12 -> 0 | O12: =+data!AV12 -> 0 | P12: =+data!AD12 -> 1 | Q12: =+data!AF12 -> 7.593374 | R12: =+data!AG12 -> 4.663439 | S12: =+data!AE12 -> 1
A13: =+data!AI13 -> -0.90908915 | B13: =+data!AJ13 -> 0.11134147 | C13: =+data!W13 -> 0 | D13: =+data!AQ13 -> 1 | E13: =+data!T13 -> 0 | F13: =+data!X13 -> 0 | G13: =+data!Y13 -> 1 | H13: =+data!U13 -> 0 | I13: =+data!V13 -> 0 | J13: =+data!AS13 -> 0 | K13: =+data!AT13 -> 0 | L13: =+data!AO13 -> 0 | M13: =+data!AN13 -> 0 | N13: =+data!AU13 -> 0 | O13: =+data!AV13 -> 0 | P13: =+data!AD13 -> 1 | Q13: =+data!AF13 -> 7.593374 | R13: =+data!AG13 -> 4.663439 | S13: =+data!AE13 -> 1
... A443: =+data!AI443 -> 0.70710678 | B443: =+data!AJ443 -> 0.10101525 | C443: =+data!W443 -> 1 | D443: =+data!AQ443 -> 1 | E443: =+data!T443 -> 0 | F443: =+data!X443 -> 1 | G443: =+data!Y443 -> 0 | H443: =+data!U443 -> 0 | I443: =+data!V443 -> 1 | J443: =+data!AS443 -> 0 | K443: =+data!AT443 -> 0 | L443: =+data!AO443 -> 1 | M443: =+data!AN443 -> 0 | N443: =+data!AU443 -> 0 | O443: =+data!AV443 -> 1 | P443: =+data!AD443 -> 1 | Q443: =+data!AF443 -> 7.585789 | R443: =+data!AG443 -> 4.49981 | S443: =+data!AE443 -> 1

Sheet bma_se
A1: =+data!AH1 -> tstat | B1: =+data!AL1 -> pcc_prec | C1: =+bma!C1 -> shortrun | D1: =+bma!D1 -> ols | E1: =+bma!E1 -> endogeneity | F1: =+bma!F1 -> linear | G1: =+bma!G1 -> doublelog | H1: =+bma!H1 -> unemployment | I1: =+bma!I1 -> income | J1: =+bma!L1 -> cross | K1: =+bma!M1 -> panel | L1: =+bma!J1 -> male | M1: =+bma!K1 -> female | N1: =+bma!N1 -> private | O1: =+bma!O1 -> public | P1: =+bma!P1 -> usa | Q1: =+bma!Q1 -> ln_pub_year | R1: =+bma!R1 -> ln_google | S1: =+bma!S1 -> published
A2: =+data!AH2 -> 0.34943182 | B2: =+data!AL2 -> 3.7579386 | C2: =+bma!C2/data!$AJ2 -> 0 | D2: =+bma!D2/data!$AJ2 -> 3.7579386 | E2: =+bma!E2/data!$AJ2 -> 0 | F2: =+bma!F2/data!$AJ2 -> 0 | G2: =+bma!G2/data!$AJ2 -> 3.7579386 | H2: =+bma!H2/data!$AJ2 -> 0 | I2: =+bma!I2/data!$AJ2 -> 0 | J2: =+bma!L2/data!$AJ2 -> 0 | K2: =+bma!M2/data!$AJ2 -> 0 | L2: =+bma!J2/data!$AJ2 -> 0 | M2: =+bma!K2/data!$AJ2 -> 0 | N2: =+bma!N2/data!$AJ2 -> 0 | O2: =+bma!O2/data!$AJ2 -> 0 | P2: =+bma!P2/data!$AJ2 -> 3.7579386 | Q2: =+bma!Q2/data!$AJ2 -> 28.535433 | R2: =+bma!R2/data!$AJ2 -> 17.524917 | S2: =+bma!S2/data!$AJ2 -> 3.7579386
A3: =+data!AH3 -> -0.91889117 | B3: =+data!AL3 -> 3.852838 | C3: =+bma!C3/data!$AJ3 -> 0 | D3: =+bma!D3/data!$AJ3 -> 3.852838 | E3: =+bma!E3/data!$AJ3 -> 0 | F3: =+bma!F3/data!$AJ3 -> 0 | G3: =+bma!G3/data!$AJ3 -> 3.852838 | H3: =+bma!H3/data!$AJ3 -> 0 | I3: =+bma!I3/data!$AJ3 -> 0 | J3: =+bma!L3/data!$AJ3 -> 0 | K3: =+bma!M3/data!$AJ3 -> 0 | L3: =+bma!J3/data!$AJ3 -> 0 | M3: =+bma!K3/data!$AJ3 -> 0 | N3: =+bma!N3/data!$AJ3 -> 0 | O3: =+bma!O3/data!$AJ3 -> 0 | P3: =+bma!P3/data!$AJ3 -> 3.852838 | Q3: =+bma!Q3/data!$AJ3 -> 29.25604 | R3: =+bma!R3/data!$AJ3 -> 17.967475 | S3: =+bma!S3/data!$AJ3 -> 3.852838
A4: =+data!AH4 -> -4.0604027 | B4: =+data!AL4 -> 5.5214916 | C4: =+bma!C4/data!$AJ4 -> 0 | D4: =+bma!D4/data!$AJ4 -> 5.5214916 | E4: =+bma!E4/data!$AJ4 -> 0 | F4: =+bma!F4/data!$AJ4 -> 0 | G4: =+bma!G4/data!$AJ4 -> 5.5214916 | H4: =+bma!H4/data!$AJ4 -> 0 | I4: =+bma!I4/data!$AJ4 -> 0 | J4: =+bma!L4/data!$AJ4 -> 0 | K4: =+bma!M4/data!$AJ4 -> 0 | L4: =+bma!J4/data!$AJ4 -> 0 | M4: =+bma!K4/data!$AJ4 -> 0 | N4: =+bma!N4/data!$AJ4 -> 0 | O4: =+bma!O4/data!$AJ4 -> 0 | P4: =+bma!P4/data!$AJ4 -> 5.5214916 | Q4: =+bma!Q4/data!$AJ4 -> 41.926751 | R4: =+bma!R4/data!$AJ4 -> 25.749139 | S4: =+bma!S4/data!$AJ4 -> 5.5214916
A5: =+data!AH5 -> -2.1081081 | B5: =+data!AL5 -> 4.2946618 | C5: =+bma!C5/data!$AJ5 -> 0 | D5: =+bma!D5/data!$AJ5 -> 4.2946618 | E5: =+bma!E5/data!$AJ5 -> 0 | F5: =+bma!F5/data!$AJ5 -> 0 | G5: =+bma!G5/data!$AJ5 -> 4.2946618 | H5: =+bma!H5/data!$AJ5 -> 0 | I5: =+bma!I5/data!$AJ5 -> 0 | J5: =+bma!L5/data!$AJ5 -> 0 | K5: =+bma!M5/data!$AJ5 -> 0 | L5: =+bma!J5/data!$AJ5 -> 0 | M5: =+bma!K5/data!$AJ5 -> 0 | N5: =+bma!N5/data!$AJ5 -> 0 | O5: =+bma!O5/data!$AJ5 -> 0 | P5: =+bma!P5/data!$AJ5 -> 4.2946618 | Q5: =+bma!Q5/data!$AJ5 -> 32.610973 | R5: =+bma!R5/data!$AJ5 -> 20.027893 | S5: =+bma!S5/data!$AJ5 -> 4.2946618
A6: =+data!AH6 -> -1.1679448 | B6: =+data!AL6 -> 3.919706 | C6: =+bma!C6/data!$AJ6 -> 0 | D6: =+bma!D6/data!$AJ6 -> 3.919706 | E6: =+bma!E6/data!$AJ6 -> 0 | F6: =+bma!F6/data!$AJ6 -> 0 | G6: =+bma!G6/data!$AJ6 -> 3.919706 | H6: =+bma!H6/data!$AJ6 -> 0 | I6: =+bma!I6/data!$AJ6 -> 0 | J6: =+bma!L6/data!$AJ6 -> 0 | K6: =+bma!M6/data!$AJ6 -> 0 | L6: =+bma!J6/data!$AJ6 -> 0 | M6: =+bma!K6/data!$AJ6 -> 0 | N6: =+bma!N6/data!$AJ6 -> 0 | O6: =+bma!O6/data!$AJ6 -> 0 | P6: =+bma!P6/data!$AJ6 -> 3.919706 | Q6: =+bma!Q6/data!$AJ6 -> 29.763794 | R6: =+bma!R6/data!$AJ6 -> 18.27931 | S6: =+bma!S6/data!$AJ6 -> 3.919706
A7: =+data!AH7 -> -4.2647059 | B7: =+data!AL7 -> 5.6734219 | C7: =+bma!C7/data!$AJ7 -> 0 | D7: =+bma!D7/data!$AJ7 -> 5.6734219 | E7: =+bma!E7/data!$AJ7 -> 0 | F7: =+bma!F7/data!$AJ7 -> 0 | G7: =+bma!G7/data!$AJ7 -> 5.6734219 | H7: =+bma!H7/data!$AJ7 -> 0 | I7: =+bma!I7/data!$AJ7 -> 0 | J7: =+bma!L7/data!$AJ7 -> 0 | K7: =+bma!M7/data!$AJ7 -> 0 | L7: =+bma!J7/data!$AJ7 -> 0 | M7: =+bma!K7/data!$AJ7 -> 0 | N7: =+bma!N7/data!$AJ7 -> 0 | O7: =+bma!O7/data!$AJ7 -> 0 | P7: =+bma!P7/data!$AJ7 -> 5.6734219 | Q7: =+bma!Q7/data!$AJ7 -> 43.080414 | R7: =+bma!R7/data!$AJ7 -> 26.457657 | S7: =+bma!S7/data!$AJ7 -> 5.6734219
A8: =+data!AH8 -> -4.6757812 | B8: =+data!AL8 -> 5.9885666 | C8: =+bma!C8/data!$AJ8 -> 0 | D8: =+bma!D8/data!$AJ8 -> 5.9885666 | E8: =+bma!E8/data!$AJ8 -> 0 | F8: =+bma!F8/data!$AJ8 -> 0 | G8: =+bma!G8/data!$AJ8 -> 5.9885666 | H8: =+bma!H8/data!$AJ8 -> 0 | I8: =+bma!I8/data!$AJ8 -> 0 | J8: =+bma!L8/data!$AJ8 -> 0 | K8: =+bma!M8/data!$AJ8 -> 0 | L8: =+bma!J8/data!$AJ8 -> 0 | M8: =+bma!K8/data!$AJ8 -> 0 | N8: =+bma!N8/data!$AJ8 -> 0 | O8: =+bma!O8/data!$AJ8 -> 0 | P8: =+bma!P8/data!$AJ8 -> 5.9885666 | Q8: =+bma!Q8/data!$AJ8 -> 45.473426 | R8: =+bma!R8/data!$AJ8 -> 27.927315 | S8: =+bma!S8/data!$AJ8 -> 5.9885666
A9: =+data!AH9 -> -2.2579035 | B9: =+data!AL9 -> 4.3701405 | C9: =+bma!C9/data!$AJ9 -> 0 | D9: =+bma!D9/data!$AJ9 -> 4.3701405 | E9: =+bma!E9/data!$AJ9 -> 0 | F9: =+bma!F9/data!$AJ9 -> 0 | G9: =+bma!G9/data!$AJ9 -> 4.3701405 | H9: =+bma!H9/data!$AJ9 -> 0 | I9: =+bma!I9/data!$AJ9 -> 0 | J9: =+bma!L9/data!$AJ9 -> 0 | K9: =+bma!M9/data!$AJ9 -> 0 | L9: =+bma!J9/data!$AJ9 -> 0 | M9: =+bma!K9/data!$AJ9 -> 0 | N9: =+bma!N9/data!$AJ9 -> 0 | O9: =+bma!O9/data!$AJ9 -> 0 | P9: =+bma!P9/data!$AJ9 -> 4.3701405 | Q9: =+bma!Q9/data!$AJ9 -> 33.184111 | R9: =+bma!R9/data!$AJ9 -> 20.379884 | S9: =+bma!S9/data!$AJ9 -> 4.3701405
A10: =+data!AH10 -> -0.18144833 | B10: =+data!AL10 -> 3.7460544 | C10: =+bma!C10/data!$AJ10 -> 0 | D10: =+bma!D10/data!$AJ10 -> 3.7460544 | E10: =+bma!E10/data!$AJ10 -> 0 | F10: =+bma!F10/data!$AJ10 -> 0 | G10: =+bma!G10/data!$AJ10 -> 3.7460544 | H10: =+bma!H10/data!$AJ10 -> 0 | I10: =+bma!I10/data!$AJ10 -> 0 | J10: =+bma!L10/data!$AJ10 -> 0 | K10: =+bma!M10/data!$AJ10 -> 0 | L10: =+bma!J10/data!$AJ10 -> 0 | M10: =+bma!K10/data!$AJ10 -> 0 | N10: =+bma!N10/data!$AJ10 -> 0 | O10: =+bma!O10/data!$AJ10 -> 0 | P10: =+bma!P10/data!$AJ10 -> 3.7460544 | Q10: =+bma!Q10/data!$AJ10 -> 28.445192 | R10: =+bma!R10/data!$AJ10 -> 17.469496 | S10: =+bma!S10/data!$AJ10 -> 3.7460544
A11: =+data!AH11 -> -4.5686275 | B11: =+data!AL11 -> 5.9052821 | C11: =+bma!C11/data!$AJ11 -> 0 | D11: =+bma!D11/data!$AJ11 -> 5.9052821 | E11: =+bma!E11/data!$AJ11 -> 0 | F11: =+bma!F11/data!$AJ11 -> 0 | G11: =+bma!G11/data!$AJ11 -> 5.9052821 | H11: =+bma!H11/data!$AJ11 -> 0 | I11: =+bma!I11/data!$AJ11 -> 0 | J11: =+bma!L11/data!$AJ11 -> 0 | K11: =+bma!M11/data!$AJ11 -> 0 | L11: =+bma!J11/data!$AJ11 -> 0 | M11: =+bma!K11/data!$AJ11 -> 0 | N11: =+bma!N11/data!$AJ11 -> 0 | O11: =+bma!O11/data!$AJ11 -> 0 | P11: =+bma!P11/data!$AJ11 -> 5.9052821 | Q11: =+bma!Q11/data!$AJ11 -> 44.841016 | R11: =+bma!R11/data!$AJ11 -> 27.538923 | S11: =+bma!S11/data!$AJ11 -> 5.9052821
A12: =+data!AH12 -> -8.0568182 | B12: =+data!AL12 -> 8.8832606 | C12: =+bma!C12/data!$AJ12 -> 0 | D12: =+bma!D12/data!$AJ12 -> 8.8832606 | E12: =+bma!E12/data!$AJ12 -> 0 | F12: =+bma!F12/data!$AJ12 -> 0 | G12: =+bma!G12/data!$AJ12 -> 8.8832606 | H12: =+bma!H12/data!$AJ12 -> 0 | I12: =+bma!I12/data!$AJ12 -> 0 | J12: =+bma!L12/data!$AJ12 -> 0 | K12: =+bma!M12/data!$AJ12 -> 0 | L12: =+bma!J12/data!$AJ12 -> 0 | M12: =+bma!K12/data!$AJ12 -> 0 | N12: =+bma!N12/data!$AJ12 -> 0 | O12: =+bma!O12/data!$AJ12 -> 0 | P12: =+bma!P12/data!$AJ12 -> 8.8832606 | Q12: =+bma!Q12/data!$AJ12 -> 67.45392 | R12: =+bma!R12/data!$AJ12 -> 41.426544 | S12: =+bma!S12/data!$AJ12 -> 8.8832606
A13: =+data!AH13 -> -8.1648746 | B13: =+data!AL13 -> 8.9813794 | C13: =+bma!C13/data!$AJ13 -> 0 | D13: =+bma!D13/data!$AJ13 -> 8.9813794 | E13: =+bma!E13/data!$AJ13 -> 0 | F13: =+bma!F13/data!$AJ13 -> 0 | G13: =+bma!G13/data!$AJ13 -> 8.9813794 | H13: =+bma!H13/data!$AJ13 -> 0 | I13: =+bma!I13/data!$AJ13 -> 0 | J13: =+bma!L13/data!$AJ13 -> 0 | K13: =+bma!M13/data!$AJ13 -> 0 | L13: =+bma!J13/data!$AJ13 -> 0 | M13: =+bma!K13/data!$AJ13 -> 0 | N13: =+bma!N13/data!$AJ13 -> 0 | O13: =+bma!O13/data!$AJ13 -> 0 | P13: =+bma!P13/data!$AJ13 -> 8.9813794 | Q13: =+bma!Q13/data!$AJ13 -> 68.198973 | R13: =+bma!R13/data!$AJ13 -> 41.884115 | S13: =+bma!S13/data!$AJ13 -> 8.9813794
... A443: =+data!AH443 -> 7 | B443: =+data!AL443 -> 9.8994949 | C443: =+bma!C443/data!$AJ443 -> 9.8994949 | D443: =+bma!D443/data!$AJ443 -> 9.8994949 | E443: =+bma!E443/data!$AJ443 -> 0 | F443: =+bma!F443/data!$AJ443 -> 9.8994949 | G443: =+bma!G443/data!$AJ443 -> 0 | H443: =+bma!H443/data!$AJ443 -> 0 | I443: =+bma!I443/data!$AJ443 -> 9.8994949 | J443: =+bma!L443/data!$AJ443 -> 9.8994949 | K443: =+bma!M443/data!$AJ443 -> 0 | L443: =+bma!J443/data!$AJ443 -> 0 | M443: =+bma!K443/data!$AJ443 -> 0 | N443: =+bma!N443/data!$AJ443 -> 0 | O443: =+bma!O443/data!$AJ443 -> 9.8994949 | P443: =+bma!P443/data!$AJ443 -> 9.8994949 | Q443: =+bma!Q443/data!$AJ443 -> 75.09548 | R443: =+bma!R443/data!$AJ443 -> 44.545846 | S443: =+bma!S443/data!$AJ443 -> 9.8994949

Sheet bma_nobsse
A1: =+bma!A1 -> pcc | B1: =+bma!B1 -> pcc_se | C1: =+bma!C1 -> shortrun | D1: =+bma!D1 -> ols | E1: =+bma!E1 -> endogeneity | F1: =+bma!F1 -> linear | G1: =+bma!G1 -> doublelog | H1: =+bma!H1 -> unemployment | ... S1: =+bma!S1 -> published
A2: =+bma_se!A2/data!$K2 -> 0.011647727 | B2: =+bma_se!B2/data!$K2 -> 0.12526462 | C2: =+bma_se!C2/data!$K2 -> 0 | D2: =+bma_se!D2/data!$K2 -> 0.12526462 | E2: =+bma_se!E2/data!$K2 -> 0 | F2: =+bma_se!F2/data!$K2 -> 0 | G2: =+bma_se!G2/data!$K2 -> 0.12526462 | H2: =+bma_se!H2/data!$K2 -> 0 | ... S2: =+bma_se!S2/data!$K2 -> 0.12526462
A3: =+bma_se!A3/data!$K3 -> -0.030629706 | B3: =+bma_se!B3/data!$K3 -> 0.12842793 | C3: =+bma_se!C3/data!$K3 -> 0 | D3: =+bma_se!D3/data!$K3 -> 0.12842793 | E3: =+bma_se!E3/data!$K3 -> 0 | F3: =+bma_se!F3/data!$K3 -> 0 | G3: =+bma_se!G3/data!$K3 -> 0.12842793 | H3: =+bma_se!H3/data!$K3 -> 0 | ... S3: =+bma_se!S3/data!$K3 -> 0.12842793
A4: =+bma_se!A4/data!$K4 -> -0.13534676 | B4: =+bma_se!B4/data!$K4 -> 0.18404972 | C4: =+bma_se!C4/data!$K4 -> 0 | D4: =+bma_se!D4/data!$K4 -> 0.18404972 | E4: =+bma_se!E4/data!$K4 -> 0 | F4: =+bma_se!F4/data!$K4 -> 0 | G4: =+bma_se!G4/data!$K4 -> 0.18404972 | H4: =+bma_se!H4/data!$K4 -> 0 | ... S4: =+bma_se!S4/data!$K4 -> 0.18404972
A5: =+bma_se!A5/data!$K5 -> -0.07027027 | B5: =+bma_se!B5/data!$K5 -> 0.14315539 | C5: =+bma_se!C5/data!$K5 -> 0 | D5: =+bma_se!D5/data!$K5 -> 0.14315539 | E5: =+bma_se!E5/data!$K5 -> 0 | F5: =+bma_se!F5/data!$K5 -> 0 | G5: =+bma_se!G5/data!$K5 -> 0.14315539 | H5: =+bma_se!H5/data!$K5 -> 0 | ... S5: =+bma_se!S5/data!$K5 -> 0.14315539
A6: =+bma_se!A6/data!$K6 -> -0.038931493 | B6: =+bma_se!B6/data!$K6 -> 0.13065687 | C6: =+bma_se!C6/data!$K6 -> 0 | D6: =+bma_se!D6/data!$K6 -> 0.13065687 | E6: =+bma_se!E6/data!$K6 -> 0 | F6: =+bma_se!F6/data!$K6 -> 0 | G6: =+bma_se!G6/data!$K6 -> 0.13065687 | H6: =+bma_se!H6/data!$K6 -> 0 | ... S6: =+bma_se!S6/data!$K6 -> 0.13065687
A7: =+bma_se!A7/data!$K7 -> -0.14215686 | B7: =+bma_se!B7/data!$K7 -> 0.18911406 | C7: =+bma_se!C7/data!$K7 -> 0 | D7: =+bma_se!D7/data!$K7 -> 0.18911406 | E7: =+bma_se!E7/data!$K7 -> 0 | F7: =+bma_se!F7/data!$K7 -> 0 | G7: =+bma_se!G7/data!$K7 -> 0.18911406 | H7: =+bma_se!H7/data!$K7 -> 0 | ... S7: =+bma_se!S7/data!$K7 -> 0.18911406
A8: =+bma_se!A8/data!$K8 -> -0.15585937 | B8: =+bma_se!B8/data!$K8 -> 0.19961889 | C8: =+bma_se!C8/data!$K8 -> 0 | D8: =+bma_se!D8/data!$K8 -> 0.19961889 | E8: =+bma_se!E8/data!$K8 -> 0 | F8: =+bma_se!F8/data!$K8 -> 0 | G8: =+bma_se!G8/data!$K8 -> 0.19961889 | H8: =+bma_se!H8/data!$K8 -> 0 | ... S8: =+bma_se!S8/data!$K8 -> 0.19961889
A9: =+bma_se!A9/data!$K9 -> -0.07526345 | B9: =+bma_se!B9/data!$K9 -> 0.14567135 | C9: =+bma_se!C9/data!$K9 -> 0 | D9: =+bma_se!D9/data!$K9 -> 0.14567135 | E9: =+bma_se!E9/data!$K9 -> 0 | F9: =+bma_se!F9/data!$K9 -> 0 | G9: =+bma_se!G9/data!$K9 -> 0.14567135 | H9: =+bma_se!H9/data!$K9 -> 0 | ... S9: =+bma_se!S9/data!$K9 -> 0.14567135
A10: =+bma_se!A10/data!$K10 -> -0.0060482777 | B10: =+bma_se!B10/data!$K10 -> 0.12486848 | C10: =+bma_se!C10/data!$K10 -> 0 | D10: =+bma_se!D10/data!$K10 -> 0.12486848 | E10: =+bma_se!E10/data!$K10 -> 0 | F10: =+bma_se!F10/data!$K10 -> 0 | G10: =+bma_se!G10/data!$K10 -> 0.12486848 | H10: =+bma_se!H10/data!$K10 -> 0 | ... S10: =+bma_se!S10/data!$K10 -> 0.12486848
A11: =+bma_se!A11/data!$K11 -> -0.15228758 | B11: =+bma_se!B11/data!$K11 -> 0.19684274 | C11: =+bma_se!C11/data!$K11 -> 0 | D11: =+bma_se!D11/data!$K11 -> 0.19684274 | E11: =+bma_se!E11/data!$K11 -> 0 | F11: =+bma_se!F11/data!$K11 -> 0 | G11: =+bma_se!G11/data!$K11 -> 0.19684274 | H11: =+bma_se!H11/data!$K11 -> 0 | ... S11: =+bma_se!S11/data!$K11 -> 0.19684274
A12: =+bma_se!A12/data!$K12 -> -0.26856061 | B12: =+bma_se!B12/data!$K12 -> 0.29610869 | C12: =+bma_se!C12/data!$K12 -> 0 | D12: =+bma_se!D12/data!$K12 -> 0.29610869 | E12: =+bma_se!E12/data!$K12 -> 0 | F12: =+bma_se!F12/data!$K12 -> 0 | G12: =+bma_se!G12/data!$K12 -> 0.29610869 | H12: =+bma_se!H12/data!$K12 -> 0 | ... S12: =+bma_se!S12/data!$K12 -> 0.29610869
A13: =+bma_se!A13/data!$K13 -> -0.27216249 | B13: =+bma_se!B13/data!$K13 -> 0.29937931 | C13: =+bma_se!C13/data!$K13 -> 0 | D13: =+bma_se!D13/data!$K13 -> 0.29937931 | E13: =+bma_se!E13/data!$K13 -> 0 | F13: =+bma_se!F13/data!$K13 -> 0 | G13: =+bma_se!G13/data!$K13 -> 0.29937931 | H13: =+bma_se!H13/data!$K13 -> 0 | ... S13: =+bma_se!S13/data!$K13 -> 0.29937931
... A443: =+bma_se!A443/data!$K443 -> 3.5 | B443: =+bma_se!B443/data!$K443 -> 4.9497475 | C443: =+bma_se!C443/data!$K443 -> 4.9497475 | D443: =+bma_se!D443/data!$K443 -> 4.9497475 | E443: =+bma_se!E443/data!$K443 -> 0 | F443: =+bma_se!F443/data!$K443 -> 4.9497475 | G443: =+bma_se!G443/data!$K443 -> 0 | H443: =+bma_se!H443/data!$K443 -> 0 | ... S443: =+bma_se!S443/data!$K443 -> 4.9497475
